Team1,T1_OR5,T1_DR5,Team2,T2_OR5,T2_DR5,Spread,TScore
ATL,110.22,117.62,IND,108.68,110.44,-1,269
ATL,110,119.68,MIL,118.16,113.78,-8,222
ATL,112.46,113.9,ORL,111.9,113.6,-36,262
ATL,110.68,113.52,PHI,110.46,114.72,8,252
ATL,111,112.52,SAS,113.02,111.18,-6,228
ATL,108.94,113.4,MIL,114.66,101.26,1,271
ATL,106.5,109.1,POR,121.96,112.64,-20,216
ATL,106.36,112.62,NOP,103.12,114.46,10,250
ATL,109.04,111.3,PHI,117.32,111.14,2,256
ATL,111.58,112.1,UTA,120.08,101.46,3,231
ATL,111.34,109.26,HOU,110.48,104.98,-16,226
ATL,114.18,111.34,ORL,107.58,105.98,-10,192
ATL,113.92,109.34,BOS,114.46,109,-9,249
ATL,111.44,110.28,MEM,109.34,98.7,21,243
ATL,109.02,111.26,NOP,106.54,108.3,12,244
ATL,111.64,111.54,BKN,107.32,108.8,-2,226
ATL,114.06,114.44,SAS,107.78,108.4,-7,215
ATL,114.32,113.4,MIA,117.14,117.5,-1,227
ATL,114.58,114.98,CHI,114.16,112.7,5,241
ATL,111.14,113.12,CHI,115.56,112.72,-7,329
ATL,109.04,112.26,MIN,117.1,112.82,8,254
ATL,108.66,113.28,HOU,112.74,112.12,-8,230
ATL,109.8,117.54,PHX,99.34,116.72,8,232
ATL,106.5,117.08,DET,118.32,106.56,-3,247
ATL,114.34,120.74,NYK,101.76,112.6,-15,197
ATL,116.86,122.6,LAL,108.62,123.04,4,230
ATL,116.56,122.64,ORL,108.26,100.62,-16,232
ATL,113.68,121.84,CHA,110.44,116.5,-9,249
ATL,117.66,121.16,TOR,114.28,109.92,-18,220
ATL,112.82,118.94,WAS,110.8,111.88,8,266
ATL,113.42,116.54,PHX,102.3,120.46,6,230
ATL,112.92,116.34,UTA,112.2,114.06,-16,240
ATL,112.18,113.28,SAC,101.1,111.34,-22,248
ATL,113.64,113.48,LAC,109.88,103.26,5,241
ATL,112.24,114.36,POR,120.5,111.22,-9,231
ATL,113.4,119.06,CHI,104.32,113.16,20,222
ATL,110.68,115.64,ORL,113.42,114.08,-19,225
ATL,109.72,113.5,BOS,110.54,112.88,-8,218
ATL,105.52,106.68,OKC,111.68,114.32,16,268
ATL,104.98,108.2,MIL,115.22,107.72,-19,247
ATL,99.22,106.3,PHI,111.3,109.58,2,244
ATL,102.74,108.74,BKN,111.64,112.72,-16,216
ATL,105.52,110.76,TOR,113.88,111.18,-3,205
ATL,106.02,115.44,MIA,116.3,106.56,24,188
ATL,109.46,114.54,MIL,110.62,99.02,-32,256
ATL,109.26,110.74,WAS,105.68,111.1,-16,212
ATL,109.36,107.6,IND,112.88,100,-8,224
ATL,109.86,106.74,CLE,102.28,120.82,3,219
ATL,112.64,113.56,MIN,113.22,109.28,3,243
ATL,109.38,112.64,IND,104.9,99.14,-8,250
ATL,110.96,116,DET,106.78,107.1,3,193
ATL,109.2,114.06,NYK,107.88,118.4,7,221
ATL,107.4,116.28,WAS,111.96,115.64,8,228
ATL,103,111.96,BKN,113.52,110.7,-17,271
ATL,103.18,111.26,BOS,122.76,100.3,-21,237
ATL,99.78,108.9,DAL,107.26,103.92,-7,221
ATL,100.5,110.8,DEN,113.24,106.08,8,204
ATL,103.44,111.28,WAS,106.66,110.38,-14,248
ATL,100.82,108.86,GSW,115.3,110.82,-17,239
ATL,101.82,110.22,OKC,105.84,98.02,-15,233
ATL,106.08,113.32,CHA,114.76,111.28,-14,202
ATL,101.78,110.72,MIA,98.32,105.94,2,228
ATL,95.48,112.62,CHA,107.84,109.82,1,247
ATL,97.96,112.68,BOS,104.56,103.12,-18,210
ATL,96.78,108.54,TOR,104.66,102.12,-16,232
ATL,95.7,109.06,LAC,114,112.16,-8,246
ATL,99.48,112.26,IND,101.1,102.42,-8,186
ATL,101.18,107.82,DEN,110.38,113.66,-45,231
ATL,104.7,109.86,GSW,114.18,109.5,-7,213
ATL,105.06,115.76,LAL,105.8,103.02,-1,213
ATL,105.6,117.32,DET,100.12,102.26,-15,233
ATL,101.74,116.72,NYK,109.12,106.44,-5,219
ATL,98.54,113.56,CHA,119.1,106.4,-11,215
ATL,94.6,108.54,MIA,111.54,109.42,5,241
ATL,99.34,103.6,SAC,105.62,103.14,-31,261
ATL,100.12,102.9,CLE,106.18,118.62,-22,250
ATL,102.34,104.66,PHI,112.08,111.24,-21,205
BKN,111.66,109.38,MIA,107.42,107.5,19,207
BKN,110.56,113.46,IND,111.98,111.44,12,204
BKN,108.16,112.86,MIL,114.06,106.22,5,261
BKN,108.72,110.52,TOR,118.32,104.42,-10,220
BKN,110.5,109.74,MIL,117.54,102.5,-10,252
BKN,110.4,113.2,BOS,113.12,117.1,14,206
BKN,108.08,111.24,PHI,116.36,117.92,-13,233
BKN,103.86,108.8,POR,116.1,110.64,-4,292
BKN,103.74,104.1,LAL,105.04,110.36,5,217
BKN,101.86,102.26,SAC,110.86,107.8,2,244
BKN,101.92,100.18,LAC,118.1,113.42,-3,235
BKN,107.5,95.34,UTA,108.9,102.98,-16,212
BKN,106.44,97.4,OKC,105.5,105.1,-12,204
BKN,107.16,106.22,DET,124.16,106.32,28,178
BKN,107.32,108.8,ATL,111.64,111.54,2,226
BKN,105.98,105.4,CLE,112.28,117.12,6,220
BKN,104.96,111.32,DAL,104.18,115.72,39,215
BKN,105.86,109.18,MIA,113.46,120.56,-29,205
BKN,107.8,107.3,CHA,107.7,116.72,-11,235
BKN,110.8,108.36,WAS,111.48,117.58,-9,241
BKN,110.98,115.68,SAS,113.44,122.3,16,186
BKN,112.12,116.76,CHA,105.98,113.44,2,232
BKN,110.66,116.14,POR,116.54,113.66,-14,212
BKN,103.94,113.14,CLE,102.42,111.68,9,287
BKN,101.16,110.8,TOR,110.72,102.24,-2,252
BKN,102.56,107.2,CHI,114.88,116.22,-19,231
BKN,98.42,104.86,DEN,114.14,114.94,5,265
BKN,102.42,103.34,MIL,112.08,103.48,-19,207
BKN,107.6,105.26,ORL,105.06,109.2,-13,191
BKN,110.22,101.66,SAS,117.88,115.98,-3,231
BKN,111.64,103.76,CHI,102.68,108.26,5,239
BKN,116.68,106.94,BOS,114.08,106.34,-8,216
BKN,117.12,108.16,NYK,105.78,113.46,10,208
BKN,113.9,109.18,ORL,116.9,114.72,4,224
BKN,111.26,109.44,SAC,107.28,105.48,29,217
BKN,105.96,108.32,ORL,106.16,109.96,2,232
BKN,104.9,104.46,HOU,117.94,110.02,3,287
BKN,104.46,103.44,BOS,112.6,102.84,7,211
BKN,111,106.2,TOR,113.68,111.86,-17,227
BKN,111.64,112.72,ATL,102.74,108.74,16,216
BKN,111.48,111.68,BOS,116.04,111.92,-21,211
BKN,109.62,112.8,CHI,100.38,111.5,17,217
BKN,110.24,113.8,MEM,106.1,107.72,9,209
BKN,106.64,112.36,NOP,115.84,115.64,5,247
BKN,105.16,107.32,MIL,108.04,99.78,-14,244
BKN,109.12,107.24,CHA,106.86,110.56,-13,187
BKN,114.84,110.2,CHA,107.22,111.16,2,266
BKN,118.16,113.48,PHX,112.22,104.62,8,214
BKN,120.5,113.82,IND,106.4,100.02,-8,220
BKN,122.26,114.62,CHI,92.36,113.16,3,189
BKN,119.8,113.48,LAL,111.38,107.42,5,225
BKN,113.52,110.7,ATL,103,111.96,17,271
BKN,108.86,107.68,WAS,110.44,113.04,7,243
BKN,102.8,104.88,PHI,109.62,101.7,3,251
BKN,101.58,106.86,NYK,103.9,115.02,8,216
BKN,100.16,106.86,TOR,114.26,109,1,211
BKN,103.2,109.64,OKC,105.92,94.74,-2,226
BKN,102.94,111.44,CLE,102.58,114.5,-2,196
BKN,107.62,113.96,WAS,106.9,115.62,-14,190
BKN,107.04,109.4,MEM,107.52,108.76,-6,256
BKN,113.06,115.7,UTA,99.28,111.34,-10,192
BKN,110.4,110.96,PHI,112.24,111.72,-2,252
BKN,109.62,110.12,MIN,103.8,101.84,-10,214
BKN,108.54,109.42,DAL,107.48,95.2,-6,232
BKN,109.44,116.14,MIA,104.3,110.34,12,196
BKN,108.02,112,LAC,112.56,110.6,-8,246
BKN,107.12,108.16,WAS,111.12,109.48,11,219
BKN,110.76,104.98,MIA,104.82,107.7,-13,227
BKN,113.16,107.98,MIN,100.44,114.64,-7,233
BKN,113.28,104.48,GSW,121.66,112.66,-16,216
BKN,111.52,107.16,DEN,110.18,101.6,2,222
BKN,112.66,114.36,PHX,99.88,112.2,22,186
BKN,111.54,118.24,PHI,105.84,101.06,25,219
BKN,108.44,109.94,HOU,102.86,111.2,-8,230
BKN,108.78,114.38,DET,108.46,110.64,1,239
BKN,110.44,111.8,NYK,100.86,113.94,-19,211
BKN,107.66,108.64,GSW,118.38,104.86,-6,234
BOS,108.42,106.14,WAS,110.1,114.18,6,226
BOS,110.7,106.72,ORL,117.72,114.14,-8,224
BOS,110.74,108.56,IND,113.02,110.34,20,214
BOS,107.92,111.24,MIA,105.56,103.98,10,214
BOS,108.86,115.04,MIA,102.88,106.18,5,215
BOS,113.12,117.1,BKN,110.4,113.2,-14,206
BOS,110.86,116.58,IND,104.68,105.88,2,226
BOS,112,117.8,CLE,116.56,118.9,10,222
BOS,115.1,115.9,SAS,109.82,105.08,-19,211
BOS,113.84,118.02,CHA,105.84,110.48,-7,241
BOS,113.9,115.36,PHI,114.9,105.84,-3,233
BOS,114.88,113.94,DEN,115.34,109.42,-9,219
BOS,114.46,109,ATL,113.92,109.34,9,249
BOS,113.46,111.14,SAC,105.4,106.12,6,246
BOS,111.94,102.5,LAC,111.1,104.08,-25,255
BOS,107.2,101.32,LAL,110.08,117.86,13,227
BOS,104.42,103.76,SAC,106.8,107.78,2,220
BOS,103.46,111.04,GSW,110.48,110.46,33,223
BOS,100.96,106.48,HOU,115,111.22,-11,219
BOS,103.94,110.2,WAS,109.34,115.06,11,203
BOS,108.26,112.9,POR,121.26,110.32,-5,189
BOS,109.42,111.66,TOR,111.16,109.88,-23,213
BOS,111.32,112.26,CHI,114.5,111.66,-10,242
BOS,113.84,113.5,MIL,111.1,104.14,-1,195
BOS,115.52,115.84,DET,116.52,105.86,8,228
BOS,115.02,112.74,PHI,115.1,111.18,3,221
BOS,121.46,109.96,LAC,106.12,111.42,-11,235
BOS,118.1,104.56,LAL,104.94,115.5,-1,257
BOS,117.94,106.04,CLE,105.66,112.42,7,199
BOS,117.26,102.3,OKC,116.18,107.48,5,263
BOS,116.28,102.5,NYK,99.74,111.48,14,212
BOS,111.42,103.3,CHA,111.22,109.88,32,220
BOS,114.08,106.34,BKN,116.68,106.94,8,216
BOS,116.2,106.26,GSW,124.88,108.7,-4,226
BOS,112.66,107.68,CLE,103.76,117.9,20,226
BOS,111.64,109.3,MIA,107.8,109.34,8,206
BOS,110.54,112.88,ATL,109.72,113.5,8,218
BOS,112.62,110.2,MEM,101.6,110.08,6,238
BOS,110.62,106.26,TOR,112.7,105.16,9,225
BOS,112.6,102.84,BKN,104.46,103.44,-7,211
BOS,115.72,102.9,ORL,101.48,106.1,-2,208
BOS,117.76,103.18,MIA,106.88,108.44,-16,214
BOS,114.62,104.1,IND,118.92,110.86,27,243
BOS,116.04,111.92,BKN,111.48,111.68,21,211
BOS,114.46,113.5,DAL,110.58,106.28,21,207
BOS,115.28,113.26,MIN,114.14,109.4,13,217
BOS,113.58,113.02,SAS,111.26,104.98,-9,231
BOS,111.48,114,MEM,103.06,104.58,9,215
BOS,107.98,109.6,HOU,111.56,105.52,-14,240
BOS,110.42,109.42,PHI,116.58,109.54,7,235
BOS,109.52,110.5,CHA,108.02,108.46,16,222
BOS,110.94,106.5,MIL,108.88,103.88,-13,227
BOS,118,100.22,PHX,106.6,105.9,-8,214
BOS,123.06,98.5,DET,103.36,112.76,-9,217
BOS,122.76,100.3,ATL,103.18,111.26,21,237
BOS,125.52,97.56,WAS,109.16,107.54,5,255
BOS,127.98,99.4,NOP,116.98,110.44,13,213
BOS,120.9,106.08,CHI,99.98,107.98,56,210
BOS,117.54,104.4,NYK,105.78,111.02,28,228
BOS,115.14,105.54,MIN,113.22,98.86,9,227
BOS,110.92,108.9,CLE,110.9,112.56,33,223
BOS,103.78,107.48,NOP,116.68,115.64,17,231
BOS,104.72,105.32,DAL,107.68,97.6,-9,217
BOS,104.56,103.12,ATL,97.96,112.68,18,210
BOS,102.98,100.8,NYK,107,121.04,-8,226
BOS,104.26,102.7,CHA,106.1,107.6,-5,229
BOS,107.44,102.28,UTA,102,107.36,-12,184
BOS,107.34,105.1,TOR,113.64,109.9,7,239
BOS,106.82,110.22,CHI,96.08,100.38,29,193
BOS,110.38,111.98,POR,115.74,102.88,-6,194
BOS,107.5,107.52,UTA,109.28,114.64,-8,238
BOS,107.78,105.14,PHX,96.64,109.76,7,225
BOS,105.52,100.24,DEN,110.72,103.54,-8,222
BOS,103.64,98.38,IND,115.16,108.54,-1,203
BOS,100.7,95.8,MIL,113.86,96.42,4,230
BOS,100.52,98.02,DET,108.68,109.86,3,213
BOS,99.14,96.82,DET,114.22,114.62,20,198
CHA,116.66,108.02,ORL,118.94,110.12,-8,236
CHA,108.06,115.18,CLE,106.4,122.3,27,221
CHA,108.14,121.28,DET,105.74,107.92,13,195
CHA,107.08,119.02,TOR,116.14,100,2,224
CHA,109.74,122.16,NOP,100.04,115.76,6,224
CHA,114.34,123.34,UTA,116.46,100.62,-9,213
CHA,117.92,115.68,GSW,114.4,111.4,-47,227
CHA,117.04,113.2,LAL,103.04,105.64,-14,244
CHA,110.8,112.54,SAS,110.84,107.4,9,241
CHA,109,109.8,TOR,112.82,103.88,1,229
CHA,105.84,110.48,BOS,113.84,118.02,7,241
CHA,106.04,115.1,MIN,106.6,118.64,7,219
CHA,106.08,113.68,PHI,109.08,104.44,-4,232
CHA,107.48,112.4,MIA,109.42,105.2,-18,168
CHA,105.88,114.94,WAS,115.22,110.84,6,226
CHA,108.36,112.84,HOU,113.38,104.74,-12,224
CHA,107.96,110.56,MIL,113.44,110.68,-17,245
CHA,107.12,111.86,WAS,116.26,113.1,1,223
CHA,112.24,116.1,MIA,119.5,114.78,-7,175
CHA,113.84,112.54,POR,115.28,106.6,-10,226
CHA,107.7,116.72,BKN,107.8,107.3,11,235
CHA,106.18,116.56,HOU,115.24,111.82,-5,231
CHA,110.2,116.84,GSW,113.44,116.84,-11,231
CHA,105.98,113.44,BKN,112.12,116.76,-2,232
CHA,106.24,117.06,WAS,114.88,118.32,13,233
CHA,115.14,116.24,ORL,116.04,102.92,-38,216
CHA,116.66,113.7,IND,113.78,95.98,-9,189
CHA,110.44,116.5,ATL,113.68,121.84,9,249
CHA,112.92,116.08,DAL,113.24,105.52,-6,192
CHA,108.32,112.46,LAC,110.74,110.8,-2,232
CHA,106.54,110.12,CHI,104.14,107.6,7,243
CHA,103.8,113.9,MEM,103.2,105.94,8,192
CHA,111.22,109.88,BOS,111.42,103.3,-32,220
CHA,112.76,109.5,NYK,103.8,111.98,9,193
CHA,116.88,108.74,MIL,115.04,98.5,-9,207
CHA,111.38,107.2,MEM,98.9,115.5,11,225
CHA,111.98,108.86,IND,111.6,110,-25,215
CHA,106.36,111.18,PHX,102.1,107.62,20,250
CHA,106.44,113.92,SAC,107.9,100.88,19,209
CHA,105.9,118.76,SAS,111.12,107.32,15,201
CHA,102.94,121.94,SAC,111.84,109.48,-7,201
CHA,108.34,116.48,POR,111.86,104.8,-31,223
CHA,111.42,116.38,LAC,108.64,105.54,-19,237
CHA,109.38,112.38,PHX,109.3,120.72,6,232
CHA,109.12,110.06,DEN,114.58,112.5,-13,233
CHA,113.72,110.2,DAL,107.26,111.24,-38,206
CHA,109.8,108.5,ORL,106.52,107.9,25,225
CHA,109,104.34,WAS,103.38,112.8,-4,256
CHA,106.86,110.56,BKN,109.12,107.24,13,187
CHA,107.22,111.16,BKN,114.84,110.2,-2,266
CHA,108.02,108.46,BOS,109.52,110.5,-16,222
CHA,109.82,110.74,DET,109.54,109.94,12,184
CHA,109.22,111.52,CLE,102.18,111.42,11,209
CHA,111.32,111.08,LAL,112.86,112.26,-28,228
CHA,109.54,111.06,NYK,104.42,115.18,-2,250
CHA,110.38,113.5,DET,97.96,112.08,1,215
CHA,107.5,110.3,NYK,104.12,115.72,12,226
CHA,106.22,109.86,DEN,112.42,102.62,6,220
CHA,109.08,109.98,MIN,113.02,100.16,-17,225
CHA,108.52,108.26,NOP,107.5,111.22,-10,228
CHA,111.82,106.68,UTA,99.52,104.42,-8,230
CHA,114.76,111.28,ATL,106.08,113.32,14,202
CHA,113.14,110.6,MIL,118.62,105.02,3,217
CHA,107.84,109.82,ATL,95.48,112.62,-1,247
CHA,110.94,109.9,OKC,114.06,100.14,-5,213
CHA,107.92,110.54,IND,105.74,97.94,18,236
CHA,106.1,107.6,BOS,104.26,102.7,5,229
CHA,111.66,106.28,PHI,112.62,110.94,-3,241
CHA,114.08,105.2,CLE,98,111.7,-24,202
CHA,116.04,106.56,DET,103.36,102.44,10,216
CHA,113.48,104.22,PHI,102.74,105.64,-1,265
CHA,119.1,106.4,ATL,98.54,113.56,11,215
CHA,116.54,110.8,CLE,107.66,115.06,32,220
CHA,116.96,113.72,OKC,102.98,105.02,-4,218
CHA,114.3,113.08,MIA,110.24,105.3,12,238
CHA,116.56,109,PHI,107.5,110.64,-2,208
CHA,111.36,109.52,CHI,110.3,120.7,29,241
CHI,101.5,114.04,PHI,107.1,113.96,-16,234
CHI,105.12,119.9,NYK,103.28,109.96,-10,182
CHI,104.94,117.12,PHI,111.38,114.1,-20,212
CHI,99.8,118.2,WAS,109.48,113.24,1,229
CHI,100.62,116.68,NYK,102,119.18,-8,218
CHI,104.3,112.24,TOR,113.02,106.7,-23,225
CHI,102.76,112.12,POR,116.9,112.7,-20,216
CHI,106.86,116.08,TOR,116.6,110.38,-9,215
CHI,111.28,117.64,UTA,118.76,103.74,-31,197
CHI,110.62,122.36,WAS,110.04,110.46,6,246
CHI,107.96,123.92,PHX,106.34,110.82,15,217
CHI,109.56,119.78,SAC,106.48,109.78,-27,231
CHI,105.84,116.32,LAC,116.48,109.7,-7,249
CHI,107.58,115.62,LAL,108.12,119.14,-16,230
CHI,109.04,111.08,DET,117.2,106.62,-23,239
CHI,109.4,110.08,DET,118.8,108.54,-8,216
CHI,109.44,112.56,PHI,107.82,108.36,1,215
CHI,114.64,114.12,IND,116.52,117.04,-9,201
CHI,114.16,112.7,ATL,114.58,114.98,-5,241
CHI,115.56,112.72,ATL,111.14,113.12,7,329
CHI,113.04,112.88,MEM,106.2,110.46,2,216
CHI,115.2,114.28,MIL,105.62,103.32,-11,223
CHI,114.5,111.66,BOS,111.32,112.26,10,242
CHI,117.32,115.74,ORL,120.36,97.54,1,219
CHI,117.52,120.4,MEM,104.9,104.46,12,232
CHI,121.24,118.2,MIL,114.64,105.16,-13,211
CHI,118.34,114.9,WAS,115.84,117.58,-9,259
CHI,114.88,116.22,BKN,102.56,107.2,19,231
CHI,109.24,110.28,NOP,107.58,111.1,-5,245
CHI,104.14,107.6,CHA,106.54,110.12,-7,243
CHI,102.78,106.6,MIA,108.32,106.56,16,194
CHI,102.68,108.26,BKN,111.64,103.76,-5,239
CHI,103.74,114.78,CLE,100.14,116.9,-3,205
CHI,103.72,115.58,LAC,104.86,108.34,-5,207
CHI,104.32,113.16,ATL,113.4,119.06,-20,222
CHI,104.48,123.36,CLE,106.74,123.04,16,192
CHI,105.86,124.04,MIA,105.22,110.7,-14,220
CHI,104.82,120,DEN,112.46,114.78,-30,240
CHI,107.74,121.92,LAL,98.72,101.42,-7,207
CHI,105.6,124.48,UTA,109.26,99.92,-8,212
CHI,102.96,116.14,GSW,122.84,110.28,-37,255
CHI,102.26,111.6,POR,111.66,100.38,-12,236
CHI,100.38,111.5,BKN,109.62,112.8,-17,217
CHI,102.74,108.4,IND,117.2,102.04,-3,235
CHI,104.96,102.24,ORL,108.54,112.22,-28,196
CHI,106.22,102.88,TOR,105.02,111.22,-6,184
CHI,102.68,106.14,WAS,104.56,114.02,9,193
CHI,104.58,102.08,MIN,108.74,111.5,-25,213
CHI,98.86,102.08,CLE,105,118.8,20,204
CHI,95.98,105.5,ORL,91.82,107.38,10,170
CHI,92.36,113.16,BKN,122.26,114.62,-3,189
CHI,95.54,111.06,OKC,106.04,106.38,-25,217
CHI,92.82,110.04,SAS,118.66,101.74,5,191
CHI,93.86,113.3,ORL,100.72,104.26,-6,188
CHI,94.2,113.54,SAC,114.26,111.8,-19,197
CHI,99.98,107.98,BOS,120.9,106.08,-56,210
CHI,100.7,108.86,OKC,106.9,96.5,2,226
CHI,101.16,111.64,IND,106.2,102.36,-6,186
CHI,99.08,108,HOU,119.98,121.28,-16,226
CHI,104.78,108.46,DET,117.16,111.32,-19,195
CHI,98.28,108.32,MIL,116.14,107,-3,229
CHI,96.24,110.16,SAS,115.06,114,-1,215
CHI,93.34,109.52,MIN,103.8,100.7,-15,207
CHI,93.88,109.9,MIA,100.74,108.2,-7,199
CHI,90.66,107.8,PHX,105.04,110.82,8,240
CHI,94.02,105.78,TOR,109.74,109.86,-39,205
CHI,94.04,102.12,MIL,116,113.8,-19,227
CHI,96.08,100.38,BOS,106.82,110.22,-29,193
CHI,99.76,103.4,DAL,110.36,109.48,-5,201
CHI,100.12,104.58,CLE,102.98,112.38,1,197
CHI,104.72,112.66,NOP,106.96,115.64,-9,205
CHI,102.86,108.7,NYK,108.92,111.96,1,231
CHI,106.32,115.84,HOU,105.96,114.44,-8,184
CHI,107.56,115.98,IND,110.72,106.6,-2,212
CHI,108.6,117.84,DEN,111.02,103.22,-1,215
CHI,108.42,112.78,GSW,118.3,103.78,-25,273
CHI,110.64,120.48,ATL,107.22,104.1,12,182
CLE,106.4,122.3,CHA,108.06,115.18,-27,221
CLE,110.72,123.86,SAS,115.06,115.86,-22,202
CLE,109.78,123.06,GSW,117.56,97.92,-6,234
CLE,109.34,124.32,SAC,117.06,122.66,-13,221
CLE,108.32,121.6,PHX,105.86,119.42,-9,235
CLE,108.56,115.4,LAC,114.22,110.52,-24,240
CLE,112.98,116.04,SAS,110.34,109.52,-6,226
CLE,116.56,118.9,BOS,112,117.8,-10,222
CLE,114.56,118.74,MIL,111.62,102.18,-22,232
CLE,112.12,117.3,LAC,117.82,113.9,-2,218
CLE,114.28,116.16,MIL,112.58,105.86,5,209
CLE,111.36,118.2,DET,104.8,109.42,7,245
CLE,106.72,113.64,DAL,109.92,114.64,-5,237
CLE,110.66,108.28,ORL,102.22,109.92,-29,211
CLE,110.44,114.16,PHI,105.3,104.16,-7,205
CLE,112.18,119.42,TOR,111.84,106.34,25,227
CLE,110.68,117.68,MIA,115.16,108.58,-16,236
CLE,112.28,117.12,BKN,105.98,105.4,-6,220
CLE,111.74,117.34,ORL,110.56,106.1,14,200
CLE,114.6,114.14,DET,115.38,112.78,-36,222
CLE,110.06,110.22,NYK,111.34,109.1,7,243
CLE,107.38,108.2,POR,116.3,108.04,-13,233
CLE,105.58,109.68,MEM,103.74,110.16,5,219
CLE,104.24,112,PHX,102.18,118.82,13,209
CLE,102.42,111.68,BKN,103.94,113.14,-9,287
CLE,104.18,113.66,NYK,97.66,110.86,3,211
CLE,106.08,111.36,IND,110.64,97.38,-15,195
CLE,105.7,109.98,WAS,115.56,119.94,-13,225
CLE,105.66,112.42,BOS,117.94,106.04,-7,199
CLE,103.38,110.28,DAL,112.2,106.18,-13,209
CLE,102.82,115.16,WAS,107.3,107.48,3,229
CLE,100.14,116.9,CHI,103.74,114.78,3,205
CLE,103.96,123.06,MIA,101.08,111.04,-6,194
CLE,103.76,117.9,BOS,112.66,107.68,-20,226
CLE,106.74,123.04,CHI,104.48,123.36,-16,192
CLE,107.96,122.44,DEN,118.72,115.82,-22,226
CLE,113.48,125.56,UTA,108.98,97.7,-16,214
CLE,108.68,124.2,POR,117.56,109.14,-17,241
CLE,107.44,129.64,LAL,100.08,102.66,6,196
CLE,106.76,129,HOU,116.02,114.68,-28,254
CLE,105.18,124.54,NOP,121.1,109.58,-16,264
CLE,100.02,123.74,IND,117.6,109.38,-8,238
CLE,99.7,118.32,NOP,119.12,118.72,-35,231
CLE,100.54,118.56,UTA,111.66,105.98,-26,208
CLE,103.26,119.36,MIA,111.42,102.18,-25,209
CLE,102.28,120.82,ATL,109.86,106.74,-3,219
CLE,102.28,114.88,MIA,109.2,101.72,-24,212
CLE,105,120.88,MEM,103.72,108.7,-8,182
CLE,105,118.8,CHI,98.86,102.08,-20,204
CLE,104.44,113.48,TOR,111.28,105.6,-16,236
CLE,102.18,111.42,CHA,109.22,111.52,-11,209
CLE,108.1,114.96,IND,110.86,100.04,1,183
CLE,109.12,114.62,PHI,111.3,111.58,-23,233
CLE,111,118.98,MIL,102.46,99.26,-12,216
CLE,109.46,118.64,NYK,106.88,115.88,7,219
CLE,110.88,119.6,MIL,107.7,104.12,-16,200
CLE,104.96,123.3,WAS,104.6,107.02,15,217
CLE,99.64,117.6,SAC,110.42,113.76,-19,239
CLE,98.2,112.14,GSW,114.22,111.96,-24,234
CLE,102.58,114.5,BKN,102.94,111.44,2,196
CLE,108.6,116.02,TOR,123.48,113.56,-11,201
CLE,110.9,112.56,BOS,110.92,108.9,-33,223
CLE,115.72,115.98,OKC,106.58,100.32,-17,183
CLE,113.54,117.16,MIN,105.78,100.48,-7,197
CLE,111.16,112.3,HOU,121.2,111.2,9,225
CLE,105.34,108.84,PHI,110.02,108.36,9,233
CLE,101.02,105.28,LAL,109.8,104.4,-4,214
CLE,99.7,102.5,DET,105.46,103.56,-11,215
CLE,100.62,105.34,WAS,109.62,110.42,-24,214
CLE,98,111.7,CHA,114.08,105.2,24,202
CLE,102.98,112.38,CHI,100.12,104.58,-1,197
CLE,108.44,118.32,OKC,115.06,103.62,-9,181
CLE,109.28,119.74,ORL,103.2,115.22,-2,202
CLE,107.66,115.06,CHA,116.54,110.8,-32,220
CLE,108.36,115.44,DEN,109.52,106.54,-19,201
CLE,106.18,118.62,ATL,100.12,102.9,22,250
CLE,103.96,116.5,IND,112.32,103.18,-12,226
DAL,113.32,109.54,SAS,113.5,111.54,-11,199
DAL,112.32,109.78,PHX,113.44,122.58,11,229
DAL,108.26,107.06,MEM,105.48,114.98,2,256
DAL,111.6,109.54,MEM,103.86,112.98,-10,234
DAL,116.26,106.48,MIN,112.18,115.32,-2,218
DAL,113.64,110.62,PHI,115.24,115.16,20,224
DAL,114.48,113.82,OKC,109.14,112.28,3,209
DAL,116.44,115.3,MIA,107.76,111.46,-6,204
DAL,117,113.64,SAC,113.52,105.34,-4,246
DAL,112.5,116.46,GSW,111.66,100.9,35,217
DAL,114.2,116.6,SAC,112.44,111.82,-16,216
DAL,111.3,112.38,POR,116.38,107.68,-8,244
DAL,111.38,113.2,NOP,104.24,116.36,-4,254
DAL,109.92,114.64,CLE,106.72,113.64,5,237
DAL,105.24,117.08,DEN,114.04,110.48,-1,199
DAL,100.02,116.62,SAS,111.86,104.04,-7,217
DAL,103.12,118.1,HOU,116.52,106.9,-1,187
DAL,104.1,119.66,ORL,105.88,109.38,-5,217
DAL,101.06,118,WAS,110.36,111.46,-9,255
DAL,104.18,115.72,BKN,104.96,111.32,-39,215
DAL,107.92,115.94,MEM,105.54,109.8,-30,192
DAL,106.68,119.42,IND,112.64,108.3,9,211
DAL,104.46,115.38,LAC,110.18,108.74,-9,233
DAL,104.28,115.28,UTA,111.98,108.54,-16,234
DAL,104.08,111.92,DEN,109.52,112.2,-10,218
DAL,106.82,109.24,MIA,102.38,106.92,-11,213
DAL,104.94,104.72,HOU,120.78,112.58,-16,224
DAL,108.3,102.88,POR,119.24,109.92,1,203
DAL,110.68,102.82,MIL,118.2,103.4,-15,229
DAL,113.24,105.52,CHA,112.92,116.08,6,192
DAL,112.2,106.18,CLE,103.38,110.28,13,209
DAL,113.02,108.26,DET,102.22,108.04,-4,182
DAL,110.1,113.32,NYK,102.98,112.62,24,204
DAL,109.06,112.34,TOR,115.92,108.5,-3,243
DAL,110.5,115.92,DET,103.5,104.08,5,207
DAL,111.98,118.08,LAC,103.16,109.56,8,204
DAL,112.82,114.76,MIL,113.94,100.5,-10,222
DAL,110.82,112.32,IND,113.88,113.9,-12,210
DAL,107.46,109.04,SAS,109.74,112.88,-4,206
DAL,102.06,106.78,GSW,128.18,110.66,-5,233
DAL,102.66,100.18,MIN,113.12,109.36,4,234
DAL,99.5,102.98,PHX,110.16,117.44,10,198
DAL,101.04,101.8,LAL,97.62,104.92,-10,204
DAL,105.26,105.74,PHI,106.6,109.36,-6,206
DAL,110.58,106.28,BOS,114.46,113.5,-21,207
DAL,107.26,111.24,CHA,113.72,110.2,38,206
DAL,111.72,112.76,OKC,105.78,104.48,-20,224
DAL,116.04,118.28,OKC,109.56,104.28,2,208
DAL,115.36,118.72,NOP,107.2,113.08,-2,226
DAL,112.56,118.02,NOP,105.72,110.28,3,241
DAL,109.46,116.42,POR,108.72,114.34,-3,239
DAL,109.3,114.1,GSW,104.92,103.88,-4,236
DAL,105.22,104.26,LAC,106.24,119.74,-4,246
DAL,105.86,101.9,DEN,107.88,104.76,-8,244
DAL,104.74,103.94,SAC,117.38,110.72,-7,233
DAL,108.32,104.14,PHX,97.76,114.84,-10,188
DAL,107.26,103.92,ATL,99.78,108.9,7,221
DAL,105.72,109.54,ORL,107.9,107.36,25,177
DAL,108.6,109.92,HOU,112.14,113.56,3,211
DAL,111.66,106.46,NOP,113.7,112.66,-26,238
DAL,113.66,109.08,POR,110.86,119.28,9,213
DAL,110.7,109.18,LAC,113.72,107.2,4,224
DAL,113.8,109.68,LAL,98.4,101.4,-11,217
DAL,110.74,100.16,HOU,119.58,119.6,20,236
DAL,107.68,97.6,BOS,104.72,105.32,9,217
DAL,107.48,95.2,BKN,108.54,109.42,6,232
DAL,108.94,97.06,MEM,105.92,101.14,-10,186
DAL,110.56,95.26,GSW,108.14,114.02,3,221
DAL,109.04,106.64,UTA,107.9,107.64,50,186
DAL,110.36,109.48,CHI,99.76,103.4,5,201
DAL,106.28,109.42,OKC,111.46,98.74,15,207
DAL,107.08,108.86,UTA,108.72,115.44,-15,219
DAL,104.26,111.38,WAS,102.16,113.92,19,219
DAL,100.76,106.72,NYK,104.26,114.58,-12,224
DAL,102.68,107.24,LAL,116.6,113.06,-1,227
DAL,109.08,111.6,SAS,112.68,118.64,-5,221
DAL,109.54,114.92,UTA,108.56,103.4,-9,217
DEN,111.8,109.7,MIN,112.26,118.26,4,194
DEN,107.94,105.06,UTA,115.4,105.56,-10,226
DEN,111.42,105.3,POR,114.9,107.36,-7,223
DEN,104.44,105.48,POR,117.4,103.84,9,229
DEN,99.72,105.96,SAS,114.52,110.74,28,198
DEN,97.9,108.88,GSW,120.68,112.14,-14,218
DEN,103.34,109.26,WAS,113.76,119.62,-5,185
DEN,103.44,110.16,OKC,107.96,110.56,10,220
DEN,107.94,107.82,HOU,112,105.54,-27,197
DEN,110.3,110.36,DET,122.42,122.86,3,187
DEN,114.68,107.32,IND,101.72,108.7,-36,212
DEN,118.76,110.04,NYK,103.04,119.86,18,204
DEN,114.2,109.8,WAS,110.26,112.62,5,221
DEN,115.34,109.42,BOS,114.88,113.94,9,219
DEN,115.08,109.82,IND,101.6,105.78,2,202
DEN,114.04,110.48,DAL,105.24,117.08,1,199
DEN,106.74,109.94,MIN,116.9,118.08,26,240
DEN,108.94,107.44,GSW,107.26,112.36,-17,227
DEN,107.38,103.96,LAL,109.66,115.1,16,214
DEN,107.84,102.26,SAS,108.38,110.24,-1,207
DEN,109.76,101.9,NOP,108.74,108.22,-8,232
DEN,110.38,97.72,UTA,116.02,109.44,-7,215
DEN,109.54,99.7,OKC,114.02,112.9,9,233
DEN,111.46,107.1,LAC,111.08,109.32,27,219
DEN,109.52,112.2,DAL,104.08,111.92,10,218
DEN,109.92,113.18,SAC,109.34,107.24,2,238
DEN,118.14,122.42,MIA,105,109.26,16,190
DEN,118,119.9,PHI,109.86,111.78,-7,227
DEN,114.14,114.94,BKN,98.42,104.86,-5,265
DEN,117.94,110.6,DET,103.98,108.38,-26,232
DEN,120.06,106.18,MIN,109.92,105.02,1,213
DEN,113.08,102.62,HOU,108.88,112.54,14,258
DEN,119.12,104.6,NOP,108.16,106.82,6,204
DEN,127.32,107.12,MEM,100.28,112.14,3,187
DEN,125.98,115.14,PHI,122.58,104.96,16,236
DEN,124.76,119.82,PHX,104.4,117.52,37,227
DEN,121.28,117.6,UTA,110.12,101.82,-7.2,223.2
DEN,118.72,115.82,CLE,107.96,122.44,22,226
DEN,112.46,114.78,CHI,104.82,120,30,240
DEN,112.86,110.8,GSW,128.1,114.1,-31,253
DEN,113.54,109.94,POR,117.52,105.28,3,229
DEN,118.4,111.96,PHX,108.58,113.52,-9,195
DEN,118.16,115.04,LAC,112.28,107.46,21,221
DEN,120.4,117.34,MIA,110.92,105.86,4,202
DEN,118.82,112.96,HOU,118.44,113.84,-12,238
DEN,114.58,112.5,CHA,109.12,110.06,13,233
DEN,112.7,115.08,SAC,107.78,110.1,4,230
DEN,113.2,114.74,NYK,99.6,117.04,7,223
DEN,110.14,110.28,PHX,109.02,112.6,4,240
DEN,111.14,110.08,SAS,121.06,102.28,3,201
DEN,114.14,110.1,SAS,119.3,102.76,-8,214
DEN,111.22,104.84,LAC,108.56,121.78,-21,243
DEN,107.88,104.76,DAL,105.86,101.9,8,244
DEN,110.16,108.56,TOR,112.84,106.22,9,181
DEN,108.26,107.94,OKC,108.58,102.3,11,207
DEN,108.44,109.28,MEM,101.2,102.26,6,204
DEN,113.24,106.08,ATL,100.5,110.8,-8,204
DEN,112.42,102.62,CHA,106.22,109.86,-6,220
DEN,112.14,97.86,ORL,110.4,105.2,6,242
DEN,112.58,98.88,TOR,121.72,112.38,3,209
DEN,108.4,96.34,POR,107,119.28,1,225
DEN,107.54,103.92,LAL,106.2,103.96,32,202
DEN,112.3,101.86,OKC,111.6,99.72,7,203
DEN,111.46,108.42,ORL,115.4,111.28,25,199
DEN,113.7,112.3,MIN,103.54,103.02,2,204
DEN,115.88,114.12,MIL,118.2,109.28,-6,202
DEN,112.22,109.14,NOP,111.38,102.94,-10,240
DEN,110.38,113.66,ATL,101.18,107.82,45,231
DEN,109.12,107.5,HOU,101.04,101.4,-10,208
DEN,110.58,103.24,MIL,116.8,110.1,-7,235
DEN,110.18,101.6,BKN,111.52,107.16,-2,222
DEN,112.94,102.56,MEM,113.36,108.84,-2,176
DEN,110.72,103.54,BOS,105.52,100.24,8,222
DEN,114.44,107.38,UTA,112.4,107.74,15,191
DEN,109.52,106.54,CLE,108.36,115.44,19,201
DEN,111.02,103.22,CHI,108.6,117.84,1,215
DEN,109.72,101.14,NOP,116.28,112.1,5,227
DET,102.9,112.4,NYK,104.68,107.68,26,204
DET,100.96,110,MEM,107.98,114.56,7,193
DET,105.74,107.92,CHA,108.14,121.28,-13,195
DET,103.34,103.62,OKC,109.42,109.92,-13,233
DET,109.32,107.96,IND,115.56,109.4,-19,197
DET,112.62,111.02,IND,110.52,110.32,-9,213
DET,117.66,113.62,POR,123,111.38,9,189
DET,117.72,119.42,ORL,111.44,99.32,17,213
DET,122.42,122.86,DEN,110.3,110.36,-3,187
DET,120.56,115.86,GSW,107.52,104.56,-7,235
DET,112.66,113.88,POR,116.42,107.74,-5,229
DET,103.12,114.48,PHX,104.54,110.54,20,216
DET,104.8,109.42,CLE,111.36,118.2,-7,245
DET,103.32,107.42,TOR,107.7,104.34,3,217
DET,107.68,111.32,LAL,105.66,111.54,14,208
DET,112.58,107.96,MIA,113.12,107.56,-34,182
DET,124.16,106.32,BKN,107.16,106.22,-28,178
DET,117.2,106.62,CHI,109.04,111.08,23,239
DET,118.8,108.54,CHI,109.4,110.08,8,216
DET,117.1,105.26,MIN,113.4,116.4,17,245
DET,120.26,108.8,TOR,113.32,108.32,5,219
DET,115.38,112.78,CLE,114.6,114.14,36,222
DET,119.8,113.06,SAS,106.78,117.3,-12,198
DET,120.26,110.72,IND,113.04,104.52,4,222
DET,117.52,110.28,MIA,103.6,107.12,23,215
DET,118.32,106.56,ATL,106.5,117.08,3,247
DET,116.52,105.86,BOS,115.52,115.84,-8,228
DET,112.54,102.8,WAS,118.6,122.64,9,233
DET,110.18,106.42,NYK,95.78,110.84,17,223
DET,109.08,109.2,NYK,96,110.34,13,197
DET,103.98,108.38,DEN,117.94,110.6,26,232
DET,101.18,105.92,LAC,112.8,108.48,-10,212
DET,102.22,108.04,DAL,113.02,108.26,4,182
DET,100.98,103.4,MIL,109.14,102.72,-10,220
DET,103.5,104.08,DAL,110.5,115.92,-5,207
DET,102.1,104.7,NOP,112.24,112.3,4,192
DET,106.5,105.94,WAS,111.18,109.1,-14,188
DET,105.44,106.44,SAC,106.54,105.92,-2,204
DET,105.86,110.9,MIA,102.38,111.92,5,191
DET,104.62,113.26,ORL,102.12,106.96,5,235
DET,106.2,114.62,UTA,106.4,101.36,-6,194
DET,106.36,113.84,LAC,112.32,109.78,5,213
DET,106.58,116.86,SAC,108.78,109.28,-10,214
DET,107.82,115.3,LAL,99.34,102.3,-13,213
DET,102.66,114.7,SAS,113.88,103.54,-12,226
DET,103.7,112.92,UTA,115.92,104.76,-5,215
DET,100.74,111.66,MEM,106.74,107.46,7,195
DET,98.82,107.54,MIL,109.42,99.78,-23,219
DET,100.64,107.62,ORL,103.18,113.04,-2,216
DET,103.84,104.24,IND,107.04,101.98,-37,213
DET,103.94,104.46,WAS,108.04,112.42,11,201
DET,106.78,107.1,ATL,110.96,116,-3,193
DET,109.54,109.94,CHA,109.82,110.74,-12,184
DET,107.24,110.36,MIN,111.18,112.8,6,252
DET,108,111.46,MIL,104.16,102.38,-3,211
DET,103.36,112.76,BOS,123.06,98.5,9,217
DET,97.96,112.08,CHA,110.38,113.5,-1,215
DET,98.9,108.36,PHI,108.42,98.46,-14,218
DET,98.92,103.52,NOP,114.2,110.04,-8,224
DET,99.06,101.38,PHI,110.84,101.9,-6,228
DET,106.02,102.12,MIL,114.9,114.7,-23,207
DET,112.1,102.52,OKC,108.44,96.92,-27,193
DET,114.96,107.52,GSW,113.72,112.5,9,213
DET,117.16,111.32,CHI,104.78,108.46,19,195
DET,116.04,110.74,NYK,114.34,114.26,7,223
DET,113.66,112.2,PHX,109.42,108.98,11,225
DET,114.76,111.2,HOU,123.9,110.36,5,227
DET,109.5,104.64,HOU,117.24,105.52,-2,250
DET,105.46,103.56,CLE,99.7,102.5,11,215
DET,103.38,104.12,TOR,116.68,110.1,2,210
DET,103.36,102.44,CHA,116.04,106.56,-10,216
DET,100.12,102.26,ATL,105.6,117.32,15,233
DET,97.94,105,ORL,100.96,109.44,7,199
DET,100.62,105.6,MIA,112.96,110.94,-5,235
DET,106.3,108.82,PHI,104.92,105.12,-10,208
DET,108.46,110.64,BKN,108.78,114.38,-1,239
DET,108.68,109.86,BOS,100.52,98.02,-3,213
GSW,113.34,98.56,MEM,105.12,113.96,-15,249
GSW,119.84,97.12,NOP,112.06,116.96,9,215
GSW,117.72,99.7,LAC,112.08,112.12,27,235
GSW,117.56,97.92,CLE,109.78,123.06,6,234
GSW,123.4,105.3,LAL,113.36,107.94,18,198
GSW,120.68,112.14,DEN,97.9,108.88,14,218
GSW,114.4,111.4,CHA,117.92,115.68,47,227
GSW,114.96,110.38,MIN,106.6,112.2,-1,261
GSW,112.76,112,MEM,114.24,116.22,15,221
GSW,107.52,104.56,DET,120.56,115.86,7,235
GSW,111.66,100.9,DAL,112.5,116.46,-35,217
GSW,110.84,105.18,IND,105.12,107.16,23,201
GSW,110.92,104,MIN,108.9,118.08,10,224
GSW,106.96,105.74,SAS,112.74,102.76,-6,216
GSW,107.82,110.32,OKC,105.8,101.84,22,198
GSW,103.16,107.52,HOU,112.02,101.8,2,210
GSW,106.78,110.58,PHX,110.98,108.58,-4,226
GSW,107.26,112.36,DEN,108.94,107.44,17,227
GSW,110.48,110.46,BOS,103.46,111.04,-33,223
GSW,110.78,110.76,PHI,108.56,106.9,3,237
GSW,114.9,118.12,ORL,115.14,99.04,-7,199
GSW,112.68,114.54,MIA,104.6,112.24,-1,251
GSW,113.44,116.84,CHA,110.2,116.84,11,231
GSW,115.24,115.76,HOU,115.88,111.18,-6,230
GSW,120.1,113.6,SAC,109.06,108.92,2,248
GSW,120.12,106.64,POR,115.02,111.28,-22,236
GSW,118.6,108.08,UTA,112.38,109.5,7,223
GSW,120,103.6,MIA,100.06,107.36,2,238
GSW,119.18,104.18,PHX,108.4,120.46,10,224
GSW,116.04,106.86,SAS,117.22,115.74,39,243
GSW,118.02,107.8,LAL,107.82,113.62,14,216
GSW,118.34,103.06,PHI,115.42,110.16,-9,217
GSW,118.02,107.8,IND,111.04,107.78,32,232
GSW,124.88,108.7,BOS,116.2,106.26,4,226
GSW,125.7,110.22,WAS,109.48,101.6,8,244
GSW,129.28,110.46,LAL,106.06,107.86,19,241
GSW,132.1,111,LAC,109.98,115.48,18,206
GSW,132.72,111.76,NOP,120.34,105.24,7,287
GSW,128.1,114.1,DEN,112.86,110.8,31,253
GSW,128.18,110.66,DAL,102.06,106.78,5,233
GSW,122.84,110.28,CHI,102.96,116.14,37,255
GSW,118.32,111.48,NYK,104.12,115.62,27,217
GSW,111.2,110.58,SAC,108.46,112.08,4,250
GSW,112.14,110.48,HOU,116.16,108,-1,269
GSW,110.3,112.44,PHX,109.72,115.76,23,241
GSW,107.1,112.02,POR,100.74,109.06,10,220
GSW,109.46,110.8,POR,106.36,114.32,-1,219
GSW,112.82,108.34,LAL,106.1,105.16,-26,228
GSW,106.12,105.82,LAC,114,118.44,2,256
GSW,104.92,103.88,DAL,109.3,114.1,4,236
GSW,105.7,101.74,UTA,100.86,101.46,-5,211
GSW,110.86,105.02,MEM,102.62,108.6,17,203
GSW,112.36,104.02,SAC,119.32,108.5,5,255
GSW,113.96,103.84,TOR,107.1,102.34,-20,206
GSW,116.02,107.74,MIN,113.64,103.64,8,224
GSW,118.88,111.74,MIL,114.28,109.28,10,200
GSW,114.22,111.96,CLE,98.2,112.14,24,234
GSW,115.3,110.82,ATL,100.82,108.86,17,239
GSW,113.72,112.5,DET,114.96,107.52,-9,213
GSW,108.52,109.68,TOR,118.38,108.16,-3,259
GSW,106.88,109.42,ORL,109.2,108.84,6,226
GSW,104.16,111.92,SAC,108.78,110.54,1,233
GSW,100.72,112.92,POR,107.2,116.96,28,222
GSW,102.82,110.84,OKC,110.6,104.88,-28,218
GSW,108.8,110.68,SAS,100.34,105.8,-12,196
GSW,108.14,114.02,DAL,110.56,95.26,-3,221
GSW,113,110.68,HOU,105.94,105.94,-21,193
GSW,114.18,109.5,ATL,104.7,109.86,7,213
GSW,117.94,110.54,LAC,113.14,110.1,-5,237
GSW,121.66,112.66,BKN,113.28,104.48,16,216
GSW,124.28,109.72,MIL,113.84,104.42,-23,245
GSW,124.98,108.26,MEM,110.14,103.22,16,218
GSW,128.18,110.82,MIN,106.48,110.82,17,215
GSW,127.36,107.6,NOP,112.06,112.44,10,252
GSW,118.3,103.78,CHI,108.42,112.78,25,273
GSW,118.38,104.86,BKN,107.66,108.64,6,234
GSW,114.02,104.48,NYK,103.56,107.54,28,228
HOU,127.8,103.32,OKC,116.24,112.36,-1,223
HOU,123.02,100.08,PHX,115.84,118.78,36,262
HOU,118.64,102.56,NYK,102.76,112.84,24,216
HOU,116.46,101.52,LAC,118.22,107.76,32,238
HOU,112.4,101.32,SAC,115.84,117.54,25,235
HOU,111.38,102.82,SAC,114.94,111.12,11,227
HOU,112,105.54,DEN,107.94,107.82,27,197
HOU,117.62,105.82,MIL,114.58,103.74,-14,202
HOU,114.46,106.48,NOP,104.02,113.92,23,203
HOU,114.86,108.56,SAS,111.94,104.98,6,216
HOU,114.66,106.2,MEM,114.38,114.46,-1,251
HOU,110.48,104.98,ATL,111.34,109.26,16,226
HOU,107.78,101.96,MIN,111.36,121.22,15,219
HOU,110.66,103.2,PHX,107.88,107.74,6,210
HOU,112.02,101.8,GSW,103.16,107.52,-2,210
HOU,113.38,104.74,CHA,108.36,112.84,12,224
HOU,116.52,106.9,DAL,103.12,118.1,1,187
HOU,119.38,111.3,PHI,106.68,104.72,16,198
HOU,118.38,111.78,TOR,110.66,108.8,12,202
HOU,115,111.22,BOS,100.96,106.48,11,219
HOU,113.42,112.12,MIA,111.98,115.98,3,239
HOU,115.24,111.82,CHA,106.18,116.56,5,231
HOU,112.74,112.12,ATL,108.66,113.28,8,230
HOU,115.88,111.18,GSW,115.24,115.76,6,230
HOU,119.38,112.28,LAL,107.4,122.88,-5,217
HOU,118.7,104.78,MIN,115.56,117.32,-10,232
HOU,120.78,112.58,DAL,104.94,104.72,16,224
HOU,121.54,113.12,OKC,118.96,108.4,-5,229
HOU,117.6,112.92,SAC,113.06,107.58,26,228
HOU,117.24,114.04,PHX,107.2,121.14,8,228
HOU,117.1,118.06,UTA,116.08,113.56,27,223
HOU,108.88,112.54,DEN,113.08,102.62,-14,258
HOU,111.44,113.2,NOP,107.08,110.12,-5,237
HOU,114.9,118.64,ORL,110.22,110.82,5,201
HOU,114.52,114.46,TOR,114.4,108.66,2,240
HOU,114.2,116.62,NYK,102.4,114.82,4,224
HOU,121.96,114.02,PHI,119.84,108.28,-28,214
HOU,117.86,112.4,LAL,106.18,104.06,4,272
HOU,117.94,110.02,BKN,104.9,104.46,-3,287
HOU,116.56,114.56,MEM,99.82,108.36,18,206
HOU,119.08,114.76,ORL,98.56,108.24,-7,225
HOU,116.02,114.68,CLE,106.76,129,28,254
HOU,117.52,113.6,MIL,121.96,107.12,-7,225
HOU,118.44,113.84,DEN,118.82,112.96,12,238
HOU,118.42,110.88,POR,105.9,100.86,-9,211
HOU,116.16,108,GSW,112.14,110.48,1,269
HOU,114.16,108.68,MEM,106.14,105.92,12,214
HOU,118.06,110.16,NOP,111.08,114.72,4,212
HOU,111.56,105.52,BOS,107.98,109.6,14,240
HOU,112.44,105.88,OKC,109.7,100.86,4,222
HOU,116.22,107.76,SAS,123.6,97.96,7,209
HOU,118.54,108.64,MIA,105.56,105.2,-2,200
HOU,114.98,109.72,WAS,110.22,112.84,18,254
HOU,114.14,114.66,UTA,105.8,100.62,5,199
HOU,110.88,115.02,MEM,103.36,106.8,8,202
HOU,107.62,111.86,LAL,112.14,103.86,15,237
HOU,111.76,110.68,POR,110.44,109.5,7,215
HOU,112.14,113.56,DAL,108.6,109.92,-3,211
HOU,117.82,115.2,UTA,109.08,106.78,-27,209
HOU,121.48,118.96,MIN,114.2,101.2,-12,194
HOU,119.98,121.28,CHI,99.08,108,16,226
HOU,117.42,124.92,SAS,108.5,115.56,31,241
HOU,119.58,119.6,DAL,110.74,100.16,-20,236
HOU,119.92,114.14,WAS,108.26,112.48,-4,266
HOU,121.2,111.2,CLE,111.16,112.3,-9,225
HOU,123.9,110.36,DET,114.76,111.2,-5,227
HOU,117.24,105.52,DET,109.5,104.64,2,250
HOU,109.68,105.72,SAC,100.72,104.9,20,244
HOU,105.94,105.94,GSW,113,110.68,21,193
HOU,101.04,101.4,DEN,109.12,107.5,10,208
HOU,102.44,103.86,IND,104.06,103.62,12,218
HOU,101.24,104.86,SAS,106.26,99.28,-7,185
HOU,106.04,109.4,OKC,112.78,100.8,-18,178
HOU,103.16,109.4,IND,111.26,108.72,4,192
HOU,105.96,114.44,CHI,106.32,115.84,8,184
HOU,102.86,111.2,BKN,108.44,109.94,8,230
HOU,107.06,114.94,POR,116.28,110.82,-19,189
IND,108.68,110.44,ATL,110.22,117.62,1,269
IND,111.98,111.44,BKN,110.56,113.46,-12,204
IND,113.02,110.34,BOS,110.74,108.56,-20,214
IND,115.56,109.4,DET,109.32,107.96,19,197
IND,110.52,110.32,DET,112.62,111.02,9,213
IND,106.92,106.82,ORL,113.68,107.16,-5,237
IND,104.68,105.88,BOS,110.86,116.58,-2,226
IND,105.34,105.52,OKC,102.74,111.08,-8,206
IND,101.72,108.7,DEN,114.68,107.32,36,212
IND,105.12,107.16,GSW,110.84,105.18,-23,201
IND,102.72,106.88,LAC,118.38,114.1,-6,224
IND,101.46,107.72,POR,115.1,109.46,-8,204
IND,101.6,105.78,DEN,115.08,109.82,-2,202
IND,104.24,109.9,OKC,108.1,105.86,2,214
IND,108.38,113.2,NYK,97.92,108.88,5,201
IND,111.48,114.46,PHI,105.06,106.6,-17,195
IND,114.82,115.08,MIL,114.16,112.72,-19,215
IND,116.52,117.04,CHI,114.64,114.12,9,201
IND,116.7,113.28,ORL,111.58,100.26,-5,229
IND,111.14,110.76,MIN,113.26,112.48,7,237
IND,112.64,108.3,DAL,106.68,119.42,-9,211
IND,113.04,104.52,DET,120.26,110.72,-4,222
IND,112.44,100.6,WAS,112.18,114.62,7,231
IND,115.38,97.9,NOP,109.52,114.56,15,237
IND,116.74,97.48,MIL,111.02,102.12,-9,203
IND,113.78,95.98,CHA,116.66,113.7,9,189
IND,110.64,97.38,CLE,106.08,111.36,15,195
IND,106.64,101.86,LAC,111.44,113.28,24,208
IND,99.3,109.3,LAL,106.88,111.64,42,230
IND,99.36,110.38,NOP,108.08,112.32,2,216
IND,102.96,113.98,MIA,104.22,110.08,7,183
IND,106.76,111.58,ORL,108.56,110.24,-7,207
IND,111.64,109.9,WAS,109.06,109.82,-18,196
IND,111.04,107.78,GSW,118.02,107.8,-32,232
IND,114.28,104.06,MEM,101.86,115.52,-3,209
IND,114.84,102.52,TOR,114.48,107.88,4,216
IND,111.6,110,CHA,111.98,108.86,25,215
IND,113.88,113.9,DAL,110.82,112.32,12,210
IND,115.88,114.1,PHI,118.84,111.9,-24,216
IND,114.72,118.48,PHX,106.32,108.52,34,228
IND,114.68,119.74,NYK,103.14,117.38,15,227
IND,118.92,110.86,BOS,114.62,104.1,-27,243
IND,117.6,109.38,CLE,100.02,123.74,8,238
IND,116.8,102.7,TOR,107.5,113.62,-16,226
IND,117.2,102.04,CHI,102.74,108.4,3,235
IND,112.88,100,ATL,109.36,107.6,8,224
IND,107.04,101.98,DET,103.84,104.24,37,213
IND,104.9,99.14,ATL,109.38,112.64,8,250
IND,107.52,102.68,WAS,114.84,117.74,16,194
IND,106.4,100.02,BKN,120.5,113.82,8,220
IND,107.96,99.82,TOR,112.12,108.12,-3,195
IND,110.86,100.04,CLE,108.1,114.96,-1,183
IND,110.6,97.62,NYK,105.7,115.28,11,209
IND,106.98,95.16,PHI,110.68,107.58,12,214
IND,105.36,96.7,MIL,106.56,100.54,16,210
IND,103.2,97.5,WAS,107.68,109.16,8,210
IND,103.38,99.14,SAC,114.64,113.7,10,204
IND,105.4,98.74,ORL,112.34,108.62,22,202
IND,106.2,102.36,CHI,101.16,111.64,6,186
IND,108.14,107.8,SAC,111.82,115.38,-1,221
IND,114.08,106.58,LAL,101.1,102.6,-8,200
IND,109.98,101.94,PHX,107.58,113.22,5,213
IND,105.2,101.84,UTA,102.1,105.06,33,209
IND,106.88,104.32,SAS,109.64,114.7,-11,211
IND,105.74,97.94,CHA,107.92,110.54,-18,236
IND,99.24,98.36,UTA,99.7,105.48,27,215
IND,101.1,102.42,ATL,99.48,112.26,8,186
IND,102.72,105.74,MIA,105.98,107.52,8,190
IND,104.06,103.62,HOU,102.44,103.86,-12,218
IND,104.8,104.44,MIA,107.4,110.08,8,212
IND,105.94,106.56,PHI,103.68,103.92,-6,194
IND,111.26,108.72,HOU,103.16,109.4,-4,192
IND,115.16,108.54,BOS,103.64,98.38,1,203
IND,110.72,106.6,CHI,107.56,115.98,2,212
IND,114.3,107.94,NYK,103.44,112.28,6,208
IND,114.52,108.72,POR,117.02,112.12,-10,196
IND,112.32,103.18,CLE,103.96,116.5,12,226
LAC,109.22,112.46,UTA,115.08,104.2,6,280
LAC,112.08,112.12,GSW,117.72,99.7,-27,235
LAC,113.22,110.88,LAL,107.1,108.88,-5,239
LAC,118.22,107.76,HOU,116.46,101.52,-32,238
LAC,118.92,111.34,MEM,109.74,112.88,17,209
LAC,114.22,110.52,CLE,108.56,115.4,24,240
LAC,114.4,107.82,MIL,111.98,97.48,-10,246
LAC,116.7,110.6,MIN,106.28,114.14,11,233
LAC,113.34,114.04,NYK,102.2,122.46,11,237
LAC,117.82,113.9,CLE,112.12,117.3,2,218
LAC,118.38,114.1,IND,102.72,106.88,6,224
LAC,118.1,113.42,BKN,101.92,100.18,3,235
LAC,116.48,109.7,CHI,105.84,116.32,7,249
LAC,118.02,105.04,POR,113.6,113.52,-21,229
LAC,111.1,104.08,BOS,111.94,102.5,25,255
LAC,113.28,105.94,OKC,105.54,108.38,8,228
LAC,108.04,107.1,LAL,109.38,115.78,8,218
LAC,105.7,107.1,NYK,114.1,110.62,21,235
LAC,108.74,106.7,SAC,107.94,109.8,7,225
LAC,112.26,111,UTA,119,107.4,-6,216
LAC,110.18,108.74,DAL,104.46,115.38,9,233
LAC,111.08,109.32,DEN,111.46,107.1,-27,219
LAC,114.32,112.78,MEM,106.48,111.1,6,218
LAC,108.1,115.06,PHX,103.6,116.4,27,241
LAC,107.24,110.02,MIN,110.32,113.6,-10,250
LAC,106.12,111.42,BOS,121.46,109.96,11,235
LAC,111.44,113.28,IND,106.64,101.86,-24,208
LAC,110.74,110.8,CHA,108.32,112.46,2,232
LAC,111.32,107.16,TOR,112.38,112.7,-18,224
LAC,112.8,108.48,DET,101.18,105.92,10,212
LAC,112.64,109.04,LAL,109.98,117.24,-3,243
LAC,109.88,103.26,ATL,113.64,113.48,-5,241
LAC,104.28,103.62,SAC,99.32,110.46,14,230
LAC,104.86,108.34,CHI,103.72,115.58,5,207
LAC,102.8,110.08,MIA,103.64,110.12,12,210
LAC,103.16,109.56,DAL,111.98,118.08,-8,204
LAC,102.96,115.44,SAS,113.64,115.88,8,198
LAC,109.98,115.48,GSW,132.1,111,-18,206
LAC,110.02,110.34,UTA,105.04,99.78,-20,238
LAC,112.64,109.74,NOP,122.02,108.62,-4,238
LAC,112.32,109.78,DET,106.36,113.84,-5,213
LAC,112.28,107.46,DEN,118.16,115.04,-21,221
LAC,108.64,105.54,CHA,111.42,116.38,19,237
LAC,111.16,108.2,ORL,111.06,107.1,10,202
LAC,111.36,110.84,PHX,109.24,118.44,10,232
LAC,115.88,110.76,PHI,110.08,104.88,-6,232
LAC,121.04,113.08,SAS,116.32,103.76,-11,233
LAC,124.48,119.06,LAL,108.2,104.74,11,225
LAC,120.96,117.96,SAC,106.34,112.08,9,245
LAC,114,118.44,GSW,106.12,105.82,-2,256
LAC,108.56,121.78,DEN,111.22,104.84,21,243
LAC,106.24,119.74,DAL,105.22,104.26,4,246
LAC,99.84,117.14,POR,109.3,105.84,-4,258
LAC,97.04,115.78,OKC,107.64,108.34,-6,214
LAC,104.9,115.2,SAS,113.08,110.54,-38,212
LAC,105.46,111.4,TOR,104.56,102.14,-24,222
LAC,108.6,112.46,PHX,93.78,112.44,4,242
LAC,112.64,109.04,MIA,106,104.56,-23,219
LAC,116.88,110.48,MEM,106.36,109.88,-10,182
LAC,112.22,104.92,NOP,109.22,109.4,3,255
LAC,113.72,107.2,DAL,110.7,109.18,-4,224
LAC,110.48,105.32,SAC,109.44,114.18,12,254
LAC,113.86,109.94,PHX,109.6,114.1,16,214
LAC,115.4,110.86,POR,104.3,117.72,4,204
LAC,116.06,111.94,MEM,109.2,101.4,5,219
LAC,115.68,110.08,WAS,110.7,107.28,-7,243
LAC,114,112.16,ATL,95.7,109.06,8,246
LAC,112.56,110.6,BKN,108.02,112,8,246
LAC,113.82,108.22,SAS,101.26,106.94,5,227
LAC,113.14,110.1,GSW,117.94,110.54,5,237
LAC,110.9,111.24,MIL,118.04,108.4,2,254
LAC,114.66,106.4,POR,113.04,98.8,-11,221
LAC,116.26,106.3,MIN,100.7,114.78,11,229
LAC,112.98,109.02,ORL,102.6,111.16,25,215
LAC,114.86,108.82,PHI,106.1,108.18,-9,235
LAC,116.6,104.18,OKC,99.54,106.36,-18,238
LAC,110.08,105.68,WAS,107.06,112.6,32,240
LAL,106.46,106.78,POR,113.88,108.74,-3,205
LAL,109.48,107.76,UTA,115.7,102.06,4,222
LAL,107.1,108.88,LAC,113.22,110.88,5,239
LAL,113.36,107.94,GSW,123.4,105.3,-18,198
LAL,114.3,104.8,OKC,109.76,111.96,-16,222
LAL,110.66,107.4,NOP,103.56,113.68,28,232
LAL,103.04,105.64,CHA,117.04,113.2,14,244
LAL,107.12,106.94,UTA,119.9,99.62,-15,215
LAL,103.32,109.78,WAS,112.96,118.4,18,230
LAL,100.68,110.32,SAC,115.46,108.32,5,217
LAL,105.04,110.36,BKN,103.74,104.1,-5,217
LAL,107.52,112.18,MIL,116.08,109.3,-14,216
LAL,104.26,111.82,NYK,95.44,107.62,-1,247
LAL,105.66,111.54,DET,107.68,111.32,-14,208
LAL,109.18,114.88,TOR,107.34,107.18,-13,209
LAL,108.12,119.14,CHI,107.58,115.62,16,230
LAL,110.08,117.86,BOS,107.2,101.32,-13,227
LAL,109.66,115.1,DEN,107.38,103.96,-16,214
LAL,109.38,115.78,LAC,108.04,107.1,-8,218
LAL,108.7,112.28,PHX,106.92,117.36,-9,227
LAL,105.94,107.92,MIL,114.9,109.02,-11,251
LAL,105.22,112.66,NOP,105.18,110.74,6,244
LAL,110.82,116.8,MEM,106.3,109.4,-5,215
LAL,108.54,120.68,NOP,104.34,113.3,-13,243
LAL,107.4,122.88,HOU,119.38,112.28,5,217
LAL,108.62,123.04,ATL,116.86,122.6,-4,230
LAL,106.58,119.56,PHI,111.62,109.14,-23,263
LAL,104.94,115.5,BOS,118.1,104.56,1,257
LAL,106.88,111.64,IND,99.3,109.3,-42,230
LAL,107.82,113.62,GSW,118.02,107.8,-14,216
LAL,109.98,117.24,LAC,112.64,109.04,3,243
LAL,113.6,116.2,PHI,115.68,108.78,-16,226
LAL,110.62,114.76,PHX,100.78,120.48,14,218
LAL,109.44,112.08,MIN,108.74,110.44,-15,225
LAL,106.06,107.86,GSW,129.28,110.46,-19,241
LAL,106.18,104.06,HOU,117.86,112.4,-4,272
LAL,103.36,100.44,OKC,113.9,119.42,10,266
LAL,98.72,101.42,CHI,107.74,121.92,7,207
LAL,100.08,102.66,CLE,107.44,129.64,-6,196
LAL,100.34,101.22,UTA,111.7,106.32,-18,208
LAL,99.34,102.3,DET,107.82,115.3,13,213
LAL,97.62,104.92,DAL,101.04,101.8,10,204
LAL,102.96,106.62,MIN,112.74,112.8,-22,194
LAL,106.6,104.04,NYK,101.5,115.3,-7,231
LAL,109,107,OKC,107.18,102.16,-7,207
LAL,106.9,104.3,SAC,108.4,112.14,7,235
LAL,108.2,104.74,LAC,124.48,119.06,-11,225
LAL,106.14,105.52,SAC,105.56,114.48,-1,233
LAL,106.1,105.16,GSW,112.82,108.34,26,228
LAL,109.04,109.62,MEM,103.46,110.5,-8,206
LAL,109.48,111.18,NOP,107.6,111.38,8,216
LAL,111.38,107.42,BKN,119.8,113.48,-5,225
LAL,113.98,109.22,WAS,112.08,116.72,-18,238
LAL,112.86,112.26,CHA,111.32,111.08,28,228
LAL,112.14,103.86,HOU,107.62,111.86,-15,237
LAL,112.06,101.94,MIA,108.1,101.96,3,213
LAL,110,102.8,MEM,107.32,105.28,23,199
LAL,104.76,101.58,SAS,107.54,126.76,-13,253
LAL,101.92,100.6,SAS,107.62,125.56,8,234
LAL,96.76,98.6,PHX,103.48,111.86,24,216
LAL,98.4,101.4,DAL,113.8,109.68,11,217
LAL,101.1,102.6,IND,114.08,106.58,8,200
LAL,106.2,103.96,DEN,107.54,103.92,-32,202
LAL,110.24,105.7,ORL,111.1,110.5,-4,212
LAL,112.94,109.58,UTA,96.66,113.16,7,173
LAL,109.8,104.4,CLE,101.02,105.28,4,214
LAL,109.3,105.98,MIA,103.9,108.6,16,210
LAL,107.8,104.02,ORL,109.06,104.28,-13,247
LAL,104.48,101.7,POR,111.46,99.38,9,243
LAL,105.8,103.02,ATL,105.06,115.76,1,213
LAL,108.64,109.5,SAC,108.88,107.4,15,187
LAL,106.42,109.08,MIN,105.9,116.32,4,224
LAL,108.68,107.54,TOR,111.06,105.68,-14,228
LAL,112.96,109.3,POR,116.42,107.3,4,224
LAL,116.6,113.06,DAL,102.68,107.24,1,227
LAL,114.86,112.64,MIN,107.88,112.82,-4,244
LAL,115.16,113.94,SAS,114.62,117.48,-4,216
MEM,105.12,113.96,GSW,113.34,98.56,15,249
MEM,107.98,114.56,DET,100.96,110,-7,193
MEM,105.48,114.98,DAL,108.26,107.06,-2,256
MEM,103.86,112.98,DAL,111.6,109.54,10,234
MEM,105.54,111.42,POR,117.24,108.52,-27,205
MEM,109.74,112.88,LAC,118.92,111.34,-17,209
MEM,110.66,114.58,PHX,104.14,120.02,5,235
MEM,114.24,116.22,GSW,112.76,112,-15,221
MEM,113.44,121.96,OKC,103.12,109.48,12,218
MEM,114.24,118.7,MIN,105.72,121.42,-13,211
MEM,115.08,117.16,ORL,105.86,97.34,-4,242
MEM,114.38,114.46,HOU,114.66,106.2,1,251
MEM,108.44,107.96,WAS,110.34,109.2,-7,263
MEM,109.34,98.7,ATL,111.44,110.28,-21,243
MEM,109.3,100.48,ORL,107.96,109.42,8,202
MEM,106.76,99.02,UTA,108.98,104.26,10,218
MEM,104.64,99.86,POR,117.86,109.16,9,231
MEM,106.2,101.78,OKC,106.32,111.24,-4,194
MEM,105.54,109.8,DAL,107.92,115.94,30,192
MEM,106.2,110.46,CHI,113.04,112.88,-2,216
MEM,106.3,109.4,LAL,110.82,116.8,5,215
MEM,103.74,110.16,CLE,105.58,109.68,-5,219
MEM,106.48,111.1,LAC,114.32,112.78,-6,218
MEM,104.9,104.46,CHI,117.52,120.4,-12,232
MEM,103.28,104.16,SAS,109.64,123.9,-1,215
MEM,102.02,105.02,NOP,110.66,111.68,9,189
MEM,102.98,102.3,OKC,118.28,110.92,-22,212
MEM,102.1,101.24,MIN,110.04,110.78,2,214
MEM,100.66,102.58,NYK,97.34,111.28,12,180
MEM,103.2,105.94,CHA,103.8,113.9,-8,192
MEM,101.3,107.82,MIN,111.8,106.52,-2,196
MEM,100.28,112.14,DEN,127.32,107.12,-3,187
MEM,101.86,115.52,IND,114.28,104.06,3,209
MEM,102.28,117.26,SAC,102.72,112.88,-3,195
MEM,98.9,115.5,CHA,111.38,107.2,-11,225
MEM,104.22,117.7,NOP,117.02,117.8,-20,190
MEM,105.46,110.72,TOR,108.84,107.08,-29,209
MEM,101.6,110.08,BOS,112.62,110.2,-6,238
MEM,99.4,110.12,MIL,114.34,100.44,-10,212
MEM,99.82,108.36,HOU,116.56,114.56,-18,206
MEM,97.26,106.24,MIA,109.82,106.46,-4,220
MEM,98.5,111.98,SAS,118.86,104.82,10,182
MEM,100.6,111.56,NOP,121.86,113.82,-19,209
MEM,103.84,108.88,SAS,114.48,106.72,-20,196
MEM,106.1,107.72,BKN,110.24,113.8,-9,209
MEM,106.74,107.46,DET,100.74,111.66,-7,195
MEM,106.14,105.92,HOU,114.16,108.68,-12,214
MEM,103.06,104.58,BOS,111.48,114,-9,215
MEM,103.72,108.7,CLE,105,120.88,8,182
MEM,103.46,110.5,LAL,109.04,109.62,8,206
MEM,101.52,106.1,SAC,111.92,117.54,-3,201
MEM,103.08,107.94,POR,113.14,113.36,-7,191
MEM,102.62,108.6,GSW,110.86,105.02,-17,203
MEM,103.36,106.8,HOU,110.88,115.02,-8,202
MEM,100.96,101.78,MIA,103.52,105.18,-3,197
MEM,100.42,104.68,POR,109.7,109.34,9,175
MEM,101.2,102.26,DEN,108.44,109.28,-6,204
MEM,107.32,105.28,LAL,110,102.8,-23,199
MEM,106.12,105.94,NOP,116.54,107.6,4,210
MEM,106.36,109.88,LAC,116.88,110.48,10,182
MEM,109.44,111.6,PHI,117.76,110,-8,198
MEM,107.52,108.76,BKN,107.04,109.4,6,256
MEM,104.1,101.02,TOR,115.3,99.56,-8,236
MEM,105.64,99.94,NYK,115.2,116.64,-5,201
MEM,109.2,101.4,LAC,116.06,111.94,-5,219
MEM,105.64,99.28,SAS,108.14,113.82,1,207
MEM,105.92,101.14,DAL,108.94,97.06,10,186
MEM,104.86,102.32,MIN,107.38,104.98,13,187
MEM,103.72,106.36,SAC,99.94,108.22,8,216
MEM,102.26,106.18,MIL,119.12,110.42,3,229
MEM,108.1,108.36,UTA,110.08,113.48,-8,184
MEM,109.26,108.16,PHI,105.14,104.68,6,218
MEM,113.36,108.84,DEN,112.94,102.56,2,176
MEM,110.14,103.22,GSW,124.98,108.26,-16,218
MEM,107.76,98.48,PHX,99.4,115.66,-2,202
MEM,108.06,98.58,UTA,108.1,102.92,10,210
MEM,103.24,101.7,WAS,105,116.26,12,202
MIA,107.42,107.5,BKN,111.66,109.38,-19,207
MIA,104.38,106.86,PHI,111.42,112.74,23,221
MIA,104.4,104.6,TOR,118.36,104.16,-8,226
MIA,102.82,103.86,MIN,111.54,116.5,-2,220
MIA,105.56,103.98,BOS,107.92,111.24,-10,214
MIA,102.88,106.18,BOS,108.86,115.04,-5,215
MIA,105.6,109.66,NYK,101.46,123.84,8,192
MIA,107.76,111.46,DAL,116.44,115.3,6,204
MIA,108.2,106.92,ORL,115.16,97.9,-5,203
MIA,103.44,106.12,WAS,112,117.82,5,221
MIA,108.86,98.14,MIL,110.2,103.52,-29,203
MIA,106.34,101.02,SAS,114.02,104.64,5,215
MIA,110.7,103.8,OKC,100.24,102.16,9,223
MIA,109.42,105.2,CHA,107.48,112.4,18,168
MIA,112.98,105.86,MIL,114.14,107.5,-15,211
MIA,113.12,107.56,DET,112.58,107.96,34,182
MIA,117.3,108,TOR,110.68,105.14,-21,229
MIA,115.16,108.58,CLE,110.68,117.68,16,236
MIA,119.5,114.78,CHA,112.24,116.1,7,175
MIA,117.14,117.5,ATL,114.32,113.4,1,227
MIA,113.46,120.56,BKN,105.86,109.18,29,205
MIA,111.98,115.98,HOU,113.42,112.12,-3,239
MIA,104.6,112.24,GSW,112.68,114.54,1,251
MIA,105.18,112.64,PHX,102.92,115.66,-3,245
MIA,103.6,107.12,DET,117.52,110.28,-23,215
MIA,106.76,107.74,PHI,117.8,112.48,-4,208
MIA,102.38,106.92,DAL,106.82,109.24,11,213
MIA,105,109.26,DEN,118.14,122.42,-16,190
MIA,100.06,107.36,GSW,120,103.6,-2,238
MIA,103.5,107.56,SAC,113.66,113.78,-6,198
MIA,101.42,105.74,POR,116.18,107.36,10,226
MIA,104.22,110.08,IND,102.96,113.98,-7,183
MIA,103.82,108.34,OKC,117.72,109.08,-16,220
MIA,108.32,106.56,CHI,102.78,106.6,-16,194
MIA,105.82,107.2,NYK,104.6,111.08,9,203
MIA,101.08,111.04,CLE,103.96,123.06,6,194
MIA,103.64,110.12,LAC,102.8,110.08,-12,210
MIA,107.8,109.34,BOS,111.64,109.3,-8,206
MIA,105.22,110.7,CHI,105.86,124.04,14,220
MIA,102.38,111.92,DET,105.86,110.9,-5,191
MIA,108.18,109.24,MIL,113.7,108.26,-38,210
MIA,109.82,106.46,MEM,97.26,106.24,4,220
MIA,106.88,108.44,BOS,117.76,103.18,16,214
MIA,110.92,105.86,DEN,120.4,117.34,-4,202
MIA,116.3,106.56,ATL,106.02,115.44,-24,188
MIA,118.7,105.4,WAS,104.44,107.16,6,224
MIA,111.42,102.18,CLE,103.26,119.36,25,209
MIA,112.12,100.66,MIN,110.42,112.2,-9,217
MIA,109.2,101.72,CLE,102.28,114.88,24,212
MIA,109.3,100.96,TOR,108.68,112.86,-2,210
MIA,101.88,103.84,ORL,92,105.88,24,206
MIA,104.44,108,MIL,111.28,106.48,7,181
MIA,105.56,105.2,HOU,118.54,108.64,2,200
MIA,106.38,104.16,NOP,110.54,107.6,6,198
MIA,103.52,105.18,MEM,100.96,101.78,3,197
MIA,107.68,103.14,UTA,112.52,105.98,-27,195
MIA,108.1,101.96,LAL,112.06,101.94,-3,213
MIA,106,104.56,LAC,112.64,109.04,23,219
MIA,105.78,109.46,PHX,93.6,111.98,17,213
MIA,106.04,104.76,ORL,105.52,109.18,-15,195
MIA,102.78,104.52,UTA,101.58,102.76,2,202
MIA,101.56,107.62,NOP,109.94,112.84,5,207
MIA,98.32,105.94,ATL,101.78,110.72,-2,228
MIA,97.56,101.26,TOR,111.7,98.94,-10,240
MIA,100.74,108.2,CHI,93.88,109.9,7,199
MIA,104.3,110.34,BKN,109.44,116.14,-12,196
MIA,103.9,108.6,LAL,109.3,105.98,-16,210
MIA,105.98,107.52,IND,102.72,105.74,-8,190
MIA,104.82,107.7,BKN,110.76,104.98,13,227
MIA,105.62,106.76,PHI,102.74,104.7,-10,238
MIA,106.66,109.28,WAS,103.9,114.46,-6,226
MIA,107.4,110.08,IND,104.8,104.44,-8,212
MIA,111.82,113.72,SAS,109.28,100.28,7,183
MIA,112.96,110.94,DET,100.62,105.6,5,235
MIA,111.54,109.42,ATL,94.6,108.54,-5,241
MIA,110.24,105.3,CHA,114.3,113.08,-12,238
MIA,109.32,103.14,SAC,109.54,111.12,-10,236
MIL,115.08,111.12,OKC,117,111.02,-11,243
MIL,118.16,113.78,ATL,110,119.68,8,222
MIL,114.06,106.22,BKN,108.16,112.86,-5,261
MIL,116.3,105.4,PHI,110.84,116.5,6,250
MIL,117.54,102.5,BKN,110.5,109.74,10,252
MIL,114.66,101.26,ATL,108.94,113.4,-1,271
MIL,111.98,97.48,LAC,114.4,107.82,10,246
MIL,114.58,103.74,HOU,117.62,105.82,14,202
MIL,111.62,102.18,CLE,114.56,118.74,22,232
MIL,110.2,103.52,MIA,108.86,98.14,29,203
MIL,112.58,105.86,CLE,114.28,116.16,-5,209
MIL,116.08,109.3,LAL,107.52,112.18,14,216
MIL,115.88,104.38,PHI,105.96,102.68,-5,255
MIL,114.14,107.5,MIA,112.98,105.86,15,211
MIL,112.28,109.96,NOP,106.06,112.2,17,243
MIL,115.14,109.3,SAS,105.08,101.86,-7,235
MIL,113.44,110.68,CHA,107.96,110.56,17,245
MIL,114.16,112.72,IND,114.82,115.08,19,215
MIL,120.88,115.44,PHX,110.02,113.36,-9,219
MIL,119.14,112.72,UTA,112.78,108.62,-4,226
MIL,114.9,109.02,LAL,105.94,107.92,11,251
MIL,112.74,104.36,SAC,106.28,105.92,1.4,280.6
MIL,105.62,103.32,CHI,115.2,114.28,11,223
MIL,103.6,100.08,MIN,117.62,114.94,12,268
MIL,111.1,104.14,BOS,113.84,113.5,1,195
MIL,111.02,102.12,IND,116.74,97.48,9,203
MIL,114.64,105.16,CHI,121.24,118.2,13,211
MIL,118.88,103.14,ORL,110.6,108.82,-20,186
MIL,118.2,103.4,DAL,110.68,102.82,15,229
MIL,112.44,102.2,WAS,115.66,118.92,19,277
MIL,112.08,103.48,BKN,102.42,103.34,19,207
MIL,109.42,101.96,WAS,111.38,111.16,16,246
MIL,112.02,104.98,TOR,118.34,110.26,13,197
MIL,109.14,102.72,DET,100.98,103.4,10,220
MIL,111.84,97,OKC,115.9,111.34,-6,230
MIL,115.04,98.5,CHA,116.88,108.74,9,207
MIL,113.94,100.5,DAL,112.82,114.76,10,222
MIL,112.64,99.66,ORL,111.4,112.8,10,226
MIL,114.34,100.44,MEM,99.4,110.12,10,212
MIL,113.7,108.26,MIA,108.18,109.24,38,210
MIL,115.22,107.72,ATL,104.98,108.2,19,247
MIL,119.22,105.76,WAS,112.26,106.64,-7,219
MIL,121.96,107.12,HOU,117.52,113.6,7,225
MIL,121.32,106.32,UTA,114.12,105.94,12,216
MIL,118.88,100.4,TOR,105.7,112.54,-7,239
MIL,110.62,99.02,ATL,109.46,114.54,32,256
MIL,109.42,99.78,DET,98.82,107.54,23,219
MIL,108.04,99.78,BKN,105.16,107.32,14,244
MIL,107.26,100.98,NYK,102.78,116.16,16,208
MIL,109.3,102.54,NYK,107.46,117.94,14,204
MIL,111.28,106.48,MIA,104.44,108,-7,181
MIL,108.88,103.88,BOS,110.94,106.5,13,227
MIL,107.34,102.6,NOP,106.5,109.78,8,238
MIL,104.16,102.38,DET,108,111.46,3,211
MIL,102.46,99.26,CLE,111,118.98,12,216
MIL,106.56,100.54,IND,105.36,96.7,-16,210
MIL,107.7,104.12,CLE,110.88,119.6,16,200
MIL,106.76,105.06,TOR,108.2,104.18,5,203
MIL,114.28,109.28,GSW,118.88,111.74,-10,200
MIL,114.9,114.7,DET,106.02,102.12,23,207
MIL,118.08,109.56,NYK,105.8,107.62,-2,270
MIL,116.14,107,CHI,98.28,108.32,3,229
MIL,118.62,105.02,CHA,113.14,110.6,-3,217
MIL,115.26,103.42,SAS,112.02,111.02,6,264
MIL,118.24,104.38,PHX,107.74,111.1,-2,230
MIL,113.48,107.74,POR,109.3,109.86,43,243
MIL,118.2,109.28,DEN,115.88,114.12,6,202
MIL,116,113.8,CHI,94.04,102.12,19,227
MIL,119.12,110.42,MEM,102.26,106.18,-3,229
MIL,116.8,110.1,DEN,110.58,103.24,7,235
MIL,118.04,108.4,LAC,110.9,111.24,-2,254
MIL,113.84,104.42,GSW,124.28,109.72,23,245
MIL,115.32,97.38,POR,110.64,96.92,-15,221
MIL,112.16,97.2,SAC,109.52,98.54,35,253
MIL,113.86,96.42,BOS,100.7,95.8,-4,230
MIL,113.6,96.04,TOR,115.8,105.96,15,233
MIL,114.22,100.42,ORL,103.52,111.74,22,204
MIN,112.26,118.26,DEN,111.8,109.7,-4,194
MIN,114.86,118.32,TOR,117.06,106.5,-20,220
MIN,112.36,115.28,OKC,112.9,108.5,-6,258
MIN,111.54,116.5,MIA,102.82,103.86,2,220
MIN,112.18,115.32,DAL,116.26,106.48,2,218
MIN,108.6,111.12,POR,116.82,108.7,-10,254
MIN,107.76,110.92,PHI,115.72,115.72,-9,227
MIN,106.6,112.2,GSW,114.96,110.38,1,261
MIN,106.28,114.14,LAC,116.7,110.6,-11,233
MIN,105.72,121.42,MEM,114.24,118.7,13,211
MIN,106.6,118.64,CHA,106.04,115.1,-7,219
MIN,108.9,118.08,GSW,110.92,104,-10,224
MIN,111.36,121.22,HOU,107.78,101.96,-15,219
MIN,115.94,119.56,UTA,107.02,105.82,-20,220
MIN,116.9,118.08,DEN,106.74,109.94,-26,240
MIN,119.16,124.08,NYK,103.08,112.94,11,195
MIN,117.08,124.66,WAS,116.72,112.38,5,265
MIN,113.4,116.4,DET,117.1,105.26,-17,245
MIN,113.06,120.24,OKC,101.66,105.98,11,251
MIN,111.5,114.02,WAS,105,111.24,-14,256
MIN,113.26,112.48,IND,111.14,110.76,-7,237
MIN,117.1,112.82,ATL,109.04,112.26,-8,254
MIN,119.14,116.44,SAC,107.32,104.74,7,217
MIN,117.62,114.94,MIL,103.6,100.08,-12,268
MIN,118,117.68,NYK,103.62,108.78,11,219
MIN,115.56,117.32,HOU,118.7,104.78,10,232
MIN,110.32,113.6,LAC,107.24,110.02,10,250
MIN,111.12,116.48,NOP,111.54,112.12,-5,239
MIN,109.04,113.14,ORL,105.18,106.94,-10,234
MIN,110.04,110.78,MEM,102.1,101.24,-2,214
MIN,109.92,105.02,DEN,120.06,106.18,-1,213
MIN,111.8,106.52,MEM,101.3,107.82,2,196
MIN,111.74,104.46,UTA,113.68,105.94,-14,236
MIN,110.66,110.24,UTA,111.6,103.48,-4,208
MIN,108.74,110.44,LAL,109.44,112.08,15,225
MIN,109.06,116.74,PHX,105.5,114.34,27,209
MIN,111.22,118.84,PHX,103.18,113.68,2,230
MIN,109.2,112.18,SAS,108,113.08,-3,229
MIN,112.78,104.92,PHI,111.56,111.32,-42,256
MIN,113.1,108.06,NOP,126.54,110.72,4,216
MIN,113.12,109.36,DAL,102.66,100.18,-4,234
MIN,111.9,106.98,OKC,101.82,100.16,2,236
MIN,112.74,112.8,LAL,102.96,106.62,22,194
MIN,113.26,111.38,ORL,112.88,105.94,17,223
MIN,114.14,109.4,BOS,115.28,113.26,-13,217
MIN,110.68,109.1,NOP,110.18,113.32,-9,237
MIN,110.42,112.2,MIA,112.12,100.66,9,217
MIN,113.22,109.28,ATL,112.64,113.56,-3,243
MIN,108.74,111.5,CHI,104.58,102.08,25,213
MIN,112.38,117.68,OKC,108.38,100.98,2,226
MIN,113.16,114.98,SAS,122.16,96.08,-26,222
MIN,111.18,112.8,DET,107.24,110.36,-6,252
MIN,110.68,114.16,SAC,113.7,109.4,27,237
MIN,112.56,112.32,PHX,97.56,109.14,-8,206
MIN,108.36,107.76,SAC,112.14,103.26,-11,271
MIN,113.64,103.64,GSW,116.02,107.74,-8,224
MIN,114.76,102.14,POR,112.22,111.78,-8,218
MIN,113.02,100.16,CHA,109.08,109.98,17,225
MIN,114.2,101.2,HOU,121.48,118.96,12,194
MIN,113.22,98.86,BOS,115.14,105.54,-9,227
MIN,105.3,101.72,SAS,115.22,116.88,39,217
MIN,105.78,100.48,CLE,113.54,117.16,7,197
MIN,103.8,100.7,CHI,93.34,109.52,15,207
MIN,103.8,101.84,BKN,109.62,110.12,10,214
MIN,103.54,103.02,DEN,113.7,112.3,-2,204
MIN,107.38,104.98,MEM,104.86,102.32,-13,187
MIN,107.68,110.26,POR,113.78,102.7,16,208
MIN,103.88,113.64,NOP,109.6,104.78,7,207
MIN,100.44,114.64,BKN,113.16,107.98,7,233
MIN,104.5,116.48,SAC,109.04,107.38,-11,231
MIN,105.9,116.32,LAL,106.42,109.08,-4,224
MIN,100.7,114.78,LAC,116.26,106.3,-11,229
MIN,105.5,114.98,POR,110.2,104.72,-30,192
MIN,106.48,110.82,GSW,128.18,110.82,-17,215
MIN,106.58,112.46,UTA,107.72,102.14,3,253
MIN,107.88,112.82,LAL,114.86,112.64,4,244
MIN,113.1,112.74,MIL,111.08,103.76,-30,220
NOP,112.06,116.96,GSW,119.84,97.12,-9,215
NOP,108.02,116.08,SAC,110,117.36,4,262
NOP,102.78,115,PHX,109.8,119.78,-7,259
NOP,100.04,115.76,CHA,109.74,122.16,-6,224
NOP,103.56,113.68,LAL,110.66,107.4,-28,232
NOP,102.82,114,SAC,114.86,111.08,3,239
NOP,103.12,114.46,ATL,106.36,112.62,-10,250
NOP,104.02,113.92,HOU,114.46,106.48,-23,203
NOP,107.9,115.44,ORL,105.64,100.34,-23,215
NOP,104.24,116.36,DAL,111.38,113.2,4,254
NOP,101.2,114.86,PHX,105.16,107.92,-2,274
NOP,103.3,114.26,POR,116.7,111.4,-12,232
NOP,106.06,112.2,MIL,112.28,109.96,-17,243
NOP,106.54,108.3,ATL,109.02,111.26,-12,244
NOP,110.38,108.96,TOR,107.8,109.56,-23,231
NOP,110.42,107.3,UTA,112.68,106.8,-10,218
NOP,110.02,105.16,UTA,113.52,107.22,3,227
NOP,108.74,108.22,DEN,109.76,101.9,8,232
NOP,110,110.52,PHX,105.82,116.22,14,246
NOP,105.18,110.74,LAL,105.22,112.66,-6,244
NOP,105.02,112.16,PHI,117.42,112.52,-1,221
NOP,104.34,113.3,LAL,108.54,120.68,13,243
NOP,109.52,114.56,IND,115.38,97.9,-15,237
NOP,106.04,112.5,OKC,116.66,108.56,9,253
NOP,109.6,111.52,ORL,111.92,102.46,-30,206
NOP,110.66,111.68,MEM,102.02,105.02,-9,189
NOP,111.54,112.12,MIN,111.12,116.48,5,239
NOP,107.58,111.1,CHI,109.24,110.28,5,245
NOP,108.08,112.32,IND,99.36,110.38,-2,216
NOP,106.48,110.14,SAS,120.92,116.88,-5,221
NOP,108.16,106.82,DEN,119.12,104.6,-6,204
NOP,107.08,110.12,HOU,111.44,113.2,5,237
NOP,109.06,111.44,SAS,110.12,114.04,-12,240
NOP,111.04,111.34,OKC,117.28,116.12,-6,238
NOP,112.24,112.3,DET,102.1,104.7,-4,192
NOP,117.02,117.8,MEM,104.22,117.7,20,190
NOP,118.6,111.78,POR,122.34,112.76,-16,240
NOP,120.34,105.24,GSW,132.72,111.76,-7,287
NOP,122.02,108.62,LAC,112.64,109.74,4,238
NOP,126.54,110.72,MIN,113.1,108.06,-4,216
NOP,121.1,109.58,CLE,105.18,124.54,16,264
NOP,121.86,113.82,MEM,100.6,111.56,19,209
NOP,119.12,118.72,CLE,99.7,118.32,35,231
NOP,115.84,115.64,BKN,106.64,112.36,-5,247
NOP,110.18,113.32,MIN,110.68,109.1,9,237
NOP,111.08,114.72,HOU,118.06,110.16,-4,212
NOP,107.2,113.08,DAL,115.36,118.72,2,226
NOP,105.72,110.28,DAL,112.56,118.02,-3,241
NOP,104.06,110.5,SAC,105.7,112.84,-5,239
NOP,107.6,111.38,LAL,109.48,111.18,-8,216
NOP,106.5,109.78,MIL,107.34,102.6,-8,238
NOP,110.54,107.6,MIA,106.38,104.16,-6,198
NOP,113.88,112.28,OKC,110.42,100.62,4,232
NOP,116.98,110.44,BOS,127.98,99.4,-13,213
NOP,114.2,110.04,DET,98.92,103.52,8,224
NOP,116.54,107.6,MEM,106.12,105.94,-4,210
NOP,113.7,112.66,DAL,111.66,106.46,26,238
NOP,109.22,109.4,LAC,112.22,104.92,-3,255
NOP,107.5,111.22,CHA,108.52,108.26,10,228
NOP,109.94,112.84,MIA,101.56,107.62,-5,207
NOP,113.76,117.92,WAS,113.1,114.4,21,229
NOP,116.68,115.64,BOS,103.78,107.48,-17,231
NOP,119.2,115.64,WAS,108.6,110.02,-10,238
NOP,116.86,113.06,NYK,112.82,119.88,-5,223
NOP,119.18,111.8,PHI,112.04,108.52,-0.8,240.8
NOP,115.56,106.7,SAS,103.66,105.18,14,266
NOP,111.38,102.94,DEN,112.22,109.14,10,240
NOP,109.82,103.2,NYK,100.62,112.48,5,253
NOP,109.6,104.78,MIN,103.88,113.64,-7,207
NOP,107.52,107.9,TOR,116.52,104.94,16,236
NOP,106.8,112.78,PHX,96.26,109.2,20,218
NOP,106.96,115.64,CHI,104.72,112.66,9,205
NOP,105.64,117.06,OKC,111.08,101.74,-6,238
NOP,109.54,117.82,SAS,110.74,107.42,-14,204
NOP,108.76,113.88,POR,112.02,105.42,-13,251
NOP,112.06,112.44,GSW,127.36,107.6,-10,252
NOP,116.28,112.1,DEN,109.72,101.14,-5,227
NYK,104.68,107.68,DET,102.9,112.4,-26,204
NYK,103.28,109.96,CHI,105.12,119.9,10,182
NYK,98.44,110.68,WAS,111.98,114.84,3,223
NYK,102.76,112.84,HOU,118.64,102.56,-24,216
NYK,102.34,113.66,ORL,114.16,114.46,-14,214
NYK,102,119.18,CHI,100.62,116.68,8,218
NYK,101.46,123.84,MIA,105.6,109.66,-8,192
NYK,107.32,124.56,TOR,114.72,106.34,-25,209
NYK,102.2,122.46,LAC,113.34,114.04,-11,237
NYK,103.04,119.86,DEN,118.76,110.04,-18,204
NYK,99,113.92,UTA,110.84,98.06,-21,253
NYK,100.12,109.88,TOR,110.06,104.74,-36,220
NYK,95.44,107.62,LAL,104.26,111.82,1,247
NYK,98.34,106.42,SAS,112.86,106.36,-26,192
NYK,97.92,108.88,IND,108.38,113.2,-5,201
NYK,103.08,112.94,MIN,119.16,124.08,-11,195
NYK,105.7,112.92,SAC,106.32,108.66,-8,196
NYK,112.84,115.14,PHX,112.56,111.58,-11,203
NYK,112.46,115.34,SAC,107.26,109.92,-7,223
NYK,114.1,110.62,LAC,105.7,107.1,-21,235
NYK,111.34,109.1,CLE,110.06,110.22,-7,243
NYK,110.14,109.28,ORL,119.4,99.48,5,211
NYK,103.02,106.24,SAS,109.4,123.14,12,248
NYK,103.62,108.78,MIN,118,117.68,-11,219
NYK,101.76,112.6,ATL,114.34,120.74,15,197
NYK,98.46,109.24,PHI,114.98,113.26,-15,237
NYK,97.66,110.86,CLE,104.18,113.66,-3,211
NYK,96.8,113.82,TOR,114.76,106.82,-5,203
NYK,95.78,110.84,DET,110.18,106.42,-17,223
NYK,96,110.34,DET,109.08,109.2,-13,197
NYK,97.34,111.28,MEM,100.66,102.58,-12,180
NYK,99.74,111.48,BOS,116.28,102.5,-14,212
NYK,102.98,112.62,DAL,110.1,113.32,-24,204
NYK,103.8,111.98,CHA,112.76,109.5,-9,193
NYK,104.6,111.08,MIA,105.82,107.2,-9,203
NYK,105.78,113.46,BKN,117.12,108.16,-10,208
NYK,102.4,114.82,HOU,114.2,116.62,-4,224
NYK,100.8,112.58,OKC,116.3,118.98,-18,236
NYK,102.04,112.52,WAS,113.3,108.3,-1,201
NYK,104.72,115.8,PHI,114.16,113.82,-3,213
NYK,103.14,117.38,IND,114.68,119.74,-15,227
NYK,104.12,115.62,GSW,118.32,111.48,-27,217
NYK,102.36,113.72,POR,110,103.18,-10,212
NYK,101.5,115.3,LAL,106.6,104.04,7,231
NYK,99.6,117.04,DEN,113.2,114.74,-7,223
NYK,101.96,116.12,UTA,108.46,100.78,-32,226
NYK,102.78,116.16,MIL,107.26,100.98,-16,208
NYK,107.46,117.94,MIL,109.3,102.54,-14,204
NYK,107.88,118.4,ATL,109.2,114.06,-7,221
NYK,107.08,115.08,PHI,115.24,115.06,-22,240
NYK,106.32,112.86,PHX,101.58,107.34,-18,238
NYK,105.7,115.28,IND,110.6,97.62,-11,209
NYK,104.42,115.18,CHA,109.54,111.06,2,250
NYK,106.88,115.88,CLE,109.46,118.64,-7,219
NYK,104.12,115.72,CHA,107.5,110.3,-12,226
NYK,103.9,115.02,BKN,101.58,106.86,-8,216
NYK,105.78,111.02,BOS,117.54,104.4,-28,228
NYK,106.52,109.96,WAS,106.76,109.26,-3,217
NYK,105.8,107.62,MIL,118.08,109.56,2,270
NYK,111.28,109.22,PHI,115.22,115.54,-26,208
NYK,114.34,114.26,DET,116.04,110.74,-7,223
NYK,115.2,116.64,MEM,105.64,99.94,5,201
NYK,112.82,119.88,NOP,116.86,113.06,5,223
NYK,107,121.04,BOS,102.98,100.8,8,226
NYK,105.46,122.06,POR,108.9,107.78,-4,232
NYK,103.16,115.9,ORL,115.42,106.76,-14,248
NYK,100.62,112.48,NOP,109.82,103.2,-5,253
NYK,99.62,109.24,OKC,107.98,100.8,-25,231
NYK,107.34,109.2,ORL,106.8,108.72,-26,204
NYK,106,106.16,TOR,115.3,103.92,-16,240
NYK,109.12,106.44,ATL,101.74,116.72,5,219
NYK,108.92,111.96,CHI,102.86,108.7,-1,231
NYK,106.94,112.58,WAS,102.76,120.66,-13,203
NYK,104.26,114.58,DAL,100.76,106.72,12,224
NYK,103.44,112.28,IND,114.3,107.94,-6,208
NYK,100.86,113.94,BKN,110.44,111.8,19,211
NYK,103.56,107.54,GSW,114.02,104.48,-28,228
OKC,117,111.02,MIL,115.08,111.12,11,243
OKC,116.24,112.36,HOU,127.8,103.32,1,223
OKC,112.9,108.5,MIN,112.36,115.28,6,258
OKC,109.42,109.92,DET,103.34,103.62,13,233
OKC,109.76,111.96,LAL,114.3,104.8,16,222
OKC,109.14,112.28,DAL,114.48,113.82,-3,209
OKC,107.96,110.56,DEN,103.44,110.16,-10,220
OKC,102.74,111.08,IND,105.34,105.52,8,206
OKC,103.12,109.48,MEM,113.44,121.96,-12,218
OKC,101.26,106.44,TOR,109.64,103.98,7,225
OKC,100.88,102.64,TOR,112.44,104.2,-9,237
OKC,100.24,102.16,MIA,110.7,103.8,-9,223
OKC,105.8,101.84,GSW,107.82,110.32,-22,198
OKC,108.1,105.86,IND,104.24,109.9,-2,214
OKC,105.5,105.1,BKN,106.44,97.4,12,204
OKC,105.7,109.46,UTA,109.7,107.76,9,187
OKC,105.54,108.38,LAC,113.28,105.94,-8,228
OKC,103.64,109.54,POR,113.96,109.92,8,250
OKC,101.66,105.98,MIN,113.06,120.24,-11,251
OKC,106.32,111.24,MEM,106.2,101.78,4,194
OKC,109.34,112.98,SAS,107.9,112.08,-14,218
OKC,112.04,113.56,PHI,110.08,109.4,-4,212
OKC,114.02,112.9,DEN,109.54,99.7,-9,233
OKC,115.86,109.88,SAC,105.88,109.04,-3,235
OKC,115.34,107.78,UTA,113.38,106.4,1,295
OKC,116.66,108.56,NOP,106.04,112.5,-9,253
OKC,116.72,107,POR,116.34,109.74,9,231
OKC,118.96,108.4,HOU,121.54,113.12,5,229
OKC,118.28,110.92,MEM,102.98,102.3,22,212
OKC,117.1,110.6,ORL,103.14,104.02,10,254
OKC,116.18,107.48,BOS,117.26,102.3,-5,263
OKC,117.72,109.08,MIA,103.82,108.34,16,220
OKC,115.7,108.48,ORL,107.22,108.88,9,243
OKC,115.9,111.34,MIL,111.84,97,6,230
OKC,117.28,116.12,NOP,111.04,111.34,6,238
OKC,117.1,115.54,POR,120.2,114.38,9,237
OKC,116.3,118.98,NYK,100.8,112.58,18,236
OKC,116.76,120.68,PHI,117.7,109,2,232
OKC,113.9,119.42,LAL,103.36,100.44,-10,266
OKC,111.68,114.32,ATL,105.52,106.68,-16,268
OKC,107.54,111,SAS,115.04,105.48,10,234
OKC,105.22,103.82,SAS,114.04,104.26,-7,301
OKC,101.82,100.16,MIN,111.9,106.98,-2,236
OKC,104.92,96.84,WAS,108.32,109.3,-18,214
OKC,104.54,97.82,POR,104.14,102.68,2,220
OKC,107.18,102.16,LAL,109,107,7,207
OKC,105.78,104.48,DAL,111.72,112.76,20,224
OKC,109.56,104.28,DAL,116.04,118.28,-2,208
OKC,109.9,102.8,PHX,114.22,111.46,16,220
OKC,109.7,100.86,HOU,112.44,105.88,-4,222
OKC,108.38,100.98,MIN,112.38,117.68,-2,226
OKC,109.12,102.46,UTA,104.84,93.9,1,213
OKC,108.14,103.2,SAC,113.34,111.56,19,245
OKC,106.04,106.38,CHI,95.54,111.06,25,217
OKC,107.64,108.34,LAC,97.04,115.78,6,214
OKC,108.58,102.3,DEN,108.26,107.94,-11,207
OKC,110.42,100.62,NOP,113.88,112.28,-4,232
OKC,108.24,96.82,UTA,115.88,106.06,9,235
OKC,106.9,96.5,CHI,100.7,108.86,-2,226
OKC,105.92,94.74,BKN,103.2,109.64,2,226
OKC,108.44,96.92,DET,112.1,102.52,27,193
OKC,105.84,98.02,ATL,101.82,110.22,15,233
OKC,106.58,100.32,CLE,115.72,115.98,17,183
OKC,111.6,99.72,DEN,112.3,101.86,-7,203
OKC,114.06,100.14,CHA,110.94,109.9,5,213
OKC,110.6,104.88,GSW,102.82,110.84,28,218
OKC,111.78,101.18,SAC,101.86,108.32,-4,230
OKC,109.8,99.32,PHX,100.46,109.54,10,210
OKC,107.98,100.8,NYK,99.62,109.24,25,231
OKC,109.9,101.32,PHX,98.38,109.46,17,219
OKC,111.46,98.74,DAL,106.28,109.42,-15,207
OKC,112.78,100.8,HOU,106.04,109.4,18,178
OKC,115.06,103.62,CLE,108.44,118.32,9,181
OKC,111.08,101.74,NOP,105.64,117.06,6,238
OKC,106.74,104.42,WAS,102.62,115.4,23,245
OKC,102.98,105.02,CHA,116.96,113.72,4,218
OKC,99.54,106.36,LAC,116.6,104.18,18,238
ORL,118.94,110.12,CHA,116.66,108.02,8,236
ORL,117.72,114.14,BOS,110.7,106.72,8,224
ORL,111.9,113.6,ATL,112.46,113.9,36,262
ORL,114.16,114.46,NYK,102.34,113.66,14,214
ORL,115.78,112.68,TOR,116.12,106.52,-12,230
ORL,113.68,107.16,IND,106.92,106.82,5,237
ORL,111.44,99.32,DET,117.72,119.42,-17,213
ORL,115.16,97.9,MIA,108.2,106.92,5,203
ORL,109.46,98.78,PHI,119.62,115,21,217
ORL,105.86,97.34,MEM,115.08,117.16,4,242
ORL,105.64,100.34,NOP,107.9,115.44,23,215
ORL,107.58,105.98,ATL,114.18,111.34,10,192
ORL,102.22,109.92,CLE,110.66,108.28,29,211
ORL,107.76,112,WAS,119.7,114.74,-10,190
ORL,107.96,109.42,MEM,109.3,100.48,-8,202
ORL,105.88,109.38,DAL,104.1,119.66,5,217
ORL,107.7,106.18,PHI,106.22,107.56,-8,220
ORL,110.56,106.1,CLE,111.74,117.34,-14,200
ORL,111.58,100.26,IND,116.7,113.28,5,229
ORL,115.14,99.04,GSW,114.9,118.12,7,199
ORL,119.4,99.48,NYK,110.14,109.28,-5,211
ORL,117.18,96.64,TOR,115.6,107.68,15,211
ORL,120.36,97.54,CHI,117.32,115.74,-1,219
ORL,116.04,102.92,CHA,115.14,116.24,38,216
ORL,111.92,102.46,NOP,109.6,111.52,30,206
ORL,108.26,100.62,ATL,116.56,122.64,16,232
ORL,110.6,108.82,MIL,118.88,103.14,20,186
ORL,105.18,106.94,MIN,109.04,113.14,10,234
ORL,103.14,104.02,OKC,117.1,110.6,-10,254
ORL,105.06,109.2,BKN,107.6,105.26,13,191
ORL,108.56,110.24,IND,106.76,111.58,7,207
ORL,107.22,108.88,OKC,115.7,108.48,-9,243
ORL,110.22,110.82,HOU,114.9,118.64,-5,201
ORL,113.9,114.38,WAS,108.3,105.64,-4,186
ORL,116.9,114.72,BKN,113.9,109.18,-4,224
ORL,113.42,114.08,ATL,110.68,115.64,19,225
ORL,111.4,112.8,MIL,112.64,99.66,-10,226
ORL,106.16,109.96,BKN,105.96,108.32,-2,232
ORL,102.12,106.96,DET,104.62,113.26,-5,235
ORL,98.56,108.24,HOU,119.08,114.76,7,225
ORL,101.48,106.1,BOS,115.72,102.9,2,208
ORL,102.1,108.78,UTA,114.92,105.94,-13,199
ORL,106.82,110.52,SAC,111.7,114.74,-16,206
ORL,111.06,107.1,LAC,111.16,108.2,-10,202
ORL,112.88,105.94,MIN,113.26,111.38,-17,223
ORL,108.54,112.22,CHI,104.96,102.24,28,196
ORL,106.52,107.9,CHA,109.8,108.5,-25,225
ORL,103.18,113.04,DET,100.64,107.62,2,216
ORL,98.74,113.44,TOR,106.34,109.12,29,203
ORL,96.32,110,PHX,113.02,108.84,-2,242
ORL,92,105.88,MIA,101.88,103.84,-24,206
ORL,91.82,107.38,CHI,95.98,105.5,-10,170
ORL,95.38,103.56,SAS,117.64,97.36,-39,219
ORL,99.2,104.94,UTA,114.56,101.82,7,185
ORL,100.72,104.26,CHI,93.86,113.3,6,188
ORL,107.9,107.36,DAL,105.72,109.54,-25,177
ORL,112.34,108.62,IND,105.4,98.74,-22,202
ORL,110.4,105.2,DEN,112.14,97.86,-6,242
ORL,105.52,109.18,MIA,106.04,104.76,15,195
ORL,102.76,110.08,PHX,107.3,114.18,14,184
ORL,106.64,110,POR,105.94,116.98,-3,227
ORL,109.2,108.84,GSW,106.88,109.42,-6,226
ORL,111.1,110.5,LAL,110.24,105.7,4,212
ORL,115.4,111.28,DEN,111.46,108.42,-25,199
ORL,118.76,109.02,TOR,110.62,105.32,-2,184
ORL,115.42,106.76,NYK,103.16,115.9,14,248
ORL,109.06,104.28,LAL,107.8,104.02,13,247
ORL,107.66,103.04,PHI,107.24,109,5,217
ORL,109.54,101.6,WAS,106.64,113.94,-8,226
ORL,106.8,108.72,NYK,107.34,109.2,26,204
ORL,102.44,107.92,WAS,101.6,116.24,9,225
ORL,100.96,109.44,DET,97.94,105,-7,199
ORL,103.2,115.22,CLE,109.28,119.74,2,202
ORL,98.26,111.48,SAS,107.24,101.1,7,227
ORL,102.6,111.16,LAC,112.98,109.02,-25,215
ORL,100.48,113.44,SAC,108.86,105.52,-8,206
ORL,103.52,111.74,MIL,114.22,100.42,-22,204
PHI,107.1,113.96,CHI,101.5,114.04,16,234
PHI,111.42,112.74,MIA,104.38,106.86,-23,221
PHI,111.38,114.1,CHI,104.94,117.12,20,212
PHI,110.84,116.5,MIL,116.3,105.4,-6,250
PHI,110.46,114.72,ATL,110.68,113.52,-8,252
PHI,115.24,115.16,DAL,113.64,110.62,-20,224
PHI,115.72,115.72,MIN,107.76,110.92,9,227
PHI,116.36,117.92,BKN,108.08,111.24,13,233
PHI,119.62,115,ORL,109.46,98.78,-21,217
PHI,117.32,111.14,ATL,109.04,111.3,-2,256
PHI,114.9,105.84,BOS,113.9,115.36,3,233
PHI,109.08,104.44,CHA,106.08,113.68,4,232
PHI,105.96,102.68,MIL,115.88,104.38,5,255
PHI,104.64,101.54,SAC,105.84,106.04,9,237
PHI,105.3,104.16,CLE,110.44,114.16,7,205
PHI,105.06,106.6,IND,111.48,114.46,17,195
PHI,106.68,104.72,HOU,119.38,111.3,-16,198
PHI,107.82,108.36,CHI,109.44,112.56,-1,215
PHI,106.22,107.56,ORL,107.7,106.18,8,220
PHI,108.56,106.9,GSW,110.78,110.76,-3,237
PHI,110.08,109.4,OKC,112.04,113.56,4,212
PHI,117.42,112.52,NOP,105.02,112.16,1,221
PHI,117.6,108.64,POR,116.46,109.34,-15,245
PHI,117.8,112.48,MIA,106.76,107.74,4,208
PHI,114.98,113.26,NYK,98.46,109.24,15,237
PHI,115.1,111.18,BOS,115.02,112.74,-3,221
PHI,111.62,109.14,LAL,106.58,119.56,23,263
PHI,109.86,111.78,DEN,118,119.9,7,227
PHI,113.36,111.98,TOR,112.56,111.92,-12,226
PHI,115.9,108.24,SAC,104.42,111.2,-7,223
PHI,115.42,110.16,GSW,118.34,103.06,9,217
PHI,115.68,108.78,LAL,113.6,116.2,16,226
PHI,122.58,104.96,DEN,125.98,115.14,-16,236
PHI,118.86,101.52,SAS,107.22,112.38,2,242
PHI,119.84,108.28,HOU,121.96,114.02,28,214
PHI,117.7,109,OKC,116.76,120.68,-2,232
PHI,118.84,111.9,IND,115.88,114.1,24,216
PHI,111.56,111.32,MIN,112.78,104.92,42,256
PHI,114.16,113.82,NYK,104.72,115.8,3,213
PHI,111.3,109.58,ATL,99.22,106.3,-2,244
PHI,108.86,110.04,WAS,113.6,110.9,-17,229
PHI,107,107.74,WAS,111.48,107.48,17,247
PHI,106.6,109.36,DAL,105.26,105.74,6,206
PHI,105.72,104.42,PHX,106.74,116.86,5,259
PHI,110.08,104.88,LAC,115.88,110.76,6,232
PHI,112.32,106.12,POR,99.98,111.62,-34,224
PHI,115.94,107.94,UTA,107.52,97.16,17,211
PHI,116.58,109.54,BOS,110.42,109.42,-7,235
PHI,117.52,115.38,TOR,112.7,108.56,25,227
PHI,115.24,115.06,NYK,107.08,115.08,22,240
PHI,117.96,111.26,SAS,117.14,99.78,-27,219
PHI,111.3,111.58,CLE,109.12,114.62,23,233
PHI,110.68,107.58,IND,106.98,95.16,-12,214
PHI,109.62,101.7,BKN,102.8,104.88,-3,251
PHI,108.42,98.46,DET,98.9,108.36,14,218
PHI,110.84,101.9,DET,99.06,101.38,6,228
PHI,114.92,106.18,TOR,117.02,111.78,-11,215
PHI,117.76,110,MEM,109.44,111.6,8,198
PHI,117.44,113.4,WAS,112.16,115.1,25,221
PHI,115.22,115.54,NYK,111.28,109.22,26,208
PHI,112.24,111.72,BKN,110.4,110.96,2,252
PHI,110.02,108.36,CLE,105.34,108.84,-9,233
PHI,112.04,108.52,NOP,119.18,111.8,1,241
PHI,109.78,107.94,PHX,103.32,109.46,5,233
PHI,112.62,110.94,CHA,111.66,106.28,3,241
PHI,110.26,108.2,UTA,103.02,110,6,220
PHI,107.24,109,ORL,107.66,103.04,-5,217
PHI,102.74,104.7,MIA,105.62,106.76,10,238
PHI,105.14,104.68,MEM,109.26,108.16,-6,218
PHI,102.74,105.64,CHA,113.48,104.22,1,265
PHI,103.68,103.92,IND,105.94,106.56,6,194
PHI,105.84,101.06,BKN,111.54,118.24,-25,219
PHI,104.92,105.12,DET,106.3,108.82,10,208
PHI,106.1,108.18,LAC,114.86,108.82,9,235
PHI,109.08,107.78,TOR,113.38,108.52,-17,241
PHI,112.08,111.24,ATL,102.34,104.66,21,205
PHI,107.5,110.64,CHA,116.56,109,2,208
PHX,113.44,122.58,DAL,112.32,109.78,-11,229
PHX,115.84,118.78,HOU,123.02,100.08,-36,262
PHX,109.8,119.78,NOP,102.78,115,7,259
PHX,110.6,117.64,UTA,116.72,98.74,-21,215
PHX,105.86,119.42,CLE,108.32,121.6,9,235
PHX,104.14,120.02,MEM,110.66,114.58,-5,235
PHX,103.22,118,WAS,107.06,117.42,-3,245
PHX,104.06,113.38,UTA,116.82,99.88,-33,217
PHX,103.06,114.24,SAC,115.1,110.42,-9,215
PHX,104.54,110.54,DET,103.12,114.48,-20,216
PHX,106.34,110.82,CHI,107.96,123.92,-15,217
PHX,105.16,107.92,NOP,101.2,114.86,2,274
PHX,107.88,107.74,HOU,110.66,103.2,-6,210
PHX,112.16,106.72,UTA,106.1,107.16,-17,211
PHX,110.98,108.58,GSW,106.78,110.58,4,226
PHX,112.64,108.12,POR,109.64,109.88,-7,247
PHX,112.56,111.58,NYK,112.84,115.14,11,203
PHX,110.02,113.36,MIL,120.88,115.44,9,219
PHX,106.92,117.36,LAL,108.7,112.28,9,227
PHX,105.82,116.22,NOP,110,110.52,-14,246
PHX,102.92,115.66,MIA,105.18,112.64,3,245
PHX,99.34,116.72,ATL,109.8,117.54,-8,232
PHX,102.18,118.82,CLE,104.24,112,-13,209
PHX,103.6,116.4,LAC,108.1,115.06,-27,241
PHX,108.54,119.24,SAC,112.48,108.74,-13,221
PHX,108.4,120.46,GSW,119.18,104.18,-10,224
PHX,109.06,121.92,UTA,110.8,114.24,-28,204
PHX,107.2,121.14,HOU,117.24,114.04,-8,228
PHX,102.3,120.46,ATL,113.42,116.54,-6,230
PHX,99.04,117.64,SAS,116.38,114.02,-2,250
PHX,100.78,120.48,LAL,110.62,114.76,-14,218
PHX,104.4,117.52,DEN,124.76,119.82,-37,227
PHX,101.96,118.48,POR,118.82,113.64,-14,226
PHX,105.5,114.34,MIN,109.06,116.74,-27,209
PHX,103.18,113.68,MIN,111.22,118.84,-2,230
PHX,102.1,107.62,CHA,106.36,111.18,-20,250
PHX,101.8,108.08,TOR,110.38,105.84,-2,220
PHX,106.32,108.52,IND,114.72,118.48,-34,228
PHX,108.58,113.52,DEN,118.4,111.96,9,195
PHX,110.16,117.44,DAL,99.5,102.98,-10,198
PHX,111.82,120.9,SAC,109.98,110.62,4,226
PHX,109.3,120.72,CHA,109.38,112.38,-6,232
PHX,109.24,118.44,LAC,111.36,110.84,-10,232
PHX,106.74,116.86,PHI,105.72,104.42,-5,259
PHX,109.72,115.76,GSW,110.3,112.44,-23,241
PHX,109.02,112.6,DEN,110.14,110.28,-4,240
PHX,114.22,111.46,OKC,109.9,102.8,-16,220
PHX,113.02,108.84,ORL,96.32,110,2,242
PHX,112.22,104.62,BKN,118.16,113.48,-8,214
PHX,106.6,103.94,WAS,113.12,117.84,-3,295
PHX,106.6,105.9,BOS,118,100.22,8,214
PHX,101.58,107.34,NYK,106.32,112.86,18,238
PHX,97.56,109.14,MIN,112.56,112.32,8,206
PHX,97.76,114.84,DAL,108.32,104.14,10,188
PHX,97.96,114.12,SAS,115.92,115.98,-25,197
PHX,93.78,112.44,LAC,108.6,112.46,-4,242
PHX,93.6,111.98,MIA,105.78,109.46,-17,213
PHX,97.66,112.62,POR,111.46,115.84,-22,194
PHX,99.3,112.78,SAC,111.28,115.78,-17,227
PHX,103.48,111.86,LAL,96.76,98.6,-24,216
PHX,107.3,114.18,ORL,102.76,110.08,-14,184
PHX,109.6,114.1,LAC,113.86,109.94,-16,214
PHX,107.58,113.22,IND,109.98,101.94,-5,213
PHX,109.42,108.98,DET,113.66,112.2,-11,225
PHX,107.74,111.1,MIL,118.24,104.38,2,230
PHX,105.04,110.82,CHI,90.66,107.8,-8,240
PHX,103.32,109.46,PHI,109.78,107.94,-5,233
PHX,100.46,109.54,OKC,109.8,99.32,-10,210
PHX,99.2,111.68,SAS,103.24,102.08,20,212
PHX,98.38,109.46,OKC,109.9,101.32,-17,219
PHX,96.26,109.2,NOP,106.8,112.78,-20,218
PHX,96.64,109.76,BOS,107.78,105.14,-7,225
PHX,99.88,112.2,BKN,112.66,114.36,-22,186
PHX,99.4,115.66,MEM,107.76,98.48,2,202
PHX,99.22,117.7,TOR,114.34,107.08,-9,205
PHX,99.4,117.28,SAS,110.18,115.42,-30,210
PHX,104.5,116.68,OKC,104.12,110.5,-7,227
POR,117.08,109.34,SAC,111.38,117.4,5,267
POR,113.88,108.74,LAL,106.46,106.78,3,205
POR,114.9,107.36,DEN,111.42,105.3,7,223
POR,117.4,103.84,DEN,104.44,105.48,-9,229
POR,117.24,108.52,MEM,105.54,111.42,27,205
POR,116.82,108.7,MIN,108.6,111.12,10,254
POR,123,111.38,DET,117.66,113.62,-9,189
POR,121.96,112.64,ATL,106.5,109.1,20,216
POR,116.9,112.7,CHI,102.76,112.12,20,216
POR,116.1,110.64,BKN,103.86,108.8,4,292
POR,116.42,107.74,DET,112.66,113.88,5,229
POR,116.38,107.68,DAL,111.3,112.38,8,244
POR,115.1,109.46,IND,101.46,107.72,8,204
POR,115.84,111.16,SAS,113.04,103.84,-5,211
POR,116.7,111.4,NOP,103.3,114.26,12,232
POR,113.6,113.52,LAC,118.02,105.04,21,229
POR,109.64,109.88,PHX,112.64,108.12,7,247
POR,113.96,109.92,OKC,103.64,109.54,-8,250
POR,117.86,109.16,MEM,104.64,99.86,-9,231
POR,115.28,106.6,CHA,113.84,112.54,10,226
POR,119.5,105.8,TOR,113.96,109.66,-2,236
POR,121.26,110.32,BOS,108.26,112.9,5,189
POR,116.3,108.04,CLE,107.38,108.2,13,233
POR,116.46,109.34,PHI,117.6,108.64,15,245
POR,116.54,113.66,BKN,110.66,116.14,14,212
POR,115.02,111.28,GSW,120.12,106.64,22,236
POR,116.34,109.74,OKC,116.72,107,-9,231
POR,119.24,109.92,DAL,108.3,102.88,-1,203
POR,115.76,109.5,SAS,111.14,119.56,9,245
POR,116.18,107.36,MIA,101.42,105.74,-10,226
POR,116.14,109.16,UTA,114.6,107.64,27,237
POR,120.5,111.22,ATL,112.24,114.36,9,231
POR,118.82,113.64,PHX,101.96,118.48,14,226
POR,120.2,114.38,OKC,117.1,115.54,-9,237
POR,123.62,112.76,UTA,109.44,97.34,5,213
POR,122.34,112.76,NOP,118.6,111.78,16,240
POR,117.56,109.14,CLE,108.68,124.2,17,241
POR,119.86,108.1,SAC,110,105.44,-8,222
POR,117.52,105.28,DEN,113.54,109.94,-3,229
POR,111.86,104.8,CHA,108.34,116.48,31,223
POR,111.66,100.38,CHI,102.26,111.6,12,236
POR,110,103.18,NYK,102.36,113.72,10,212
POR,105.9,100.86,HOU,118.42,110.88,9,211
POR,104.14,102.68,OKC,104.54,97.82,-2,220
POR,105.74,104.64,SAC,110.36,111.4,5,221
POR,99.98,111.62,PHI,112.32,106.12,34,224
POR,100.74,109.06,GSW,107.1,112.02,-10,220
POR,106.36,114.32,GSW,109.46,110.8,1,219
POR,113.02,116.06,UTA,102.34,96.96,-21,213
POR,108.72,114.34,DAL,109.46,116.42,3,239
POR,112.96,113.22,UTA,101.02,98.34,-30,210
POR,113.14,113.36,MEM,103.08,107.94,7,191
POR,109.3,105.84,LAC,99.84,117.14,4,258
POR,103.64,102.5,TOR,109.68,100.36,6,250
POR,109.7,109.34,MEM,100.42,104.68,-9,175
POR,110.44,109.5,HOU,111.76,110.68,-7,215
POR,112.22,111.78,MIN,114.76,102.14,8,218
POR,111.46,115.84,PHX,97.66,112.62,22,194
POR,110.86,119.28,DAL,113.66,109.08,-9,213
POR,106.02,119.56,SAS,108,121.42,-13,249
POR,107,119.28,DEN,108.4,96.34,-1,225
POR,105.94,116.98,ORL,106.64,110,3,227
POR,104.3,117.72,LAC,115.4,110.86,-4,204
POR,107.2,116.96,GSW,100.72,112.92,-28,222
POR,109.3,109.86,MIL,113.48,107.74,-43,243
POR,108.9,107.78,NYK,105.46,122.06,4,232
POR,110.56,108.68,WAS,111.52,108.02,10,228
POR,113.78,102.7,MIN,107.68,110.26,-16,208
POR,111.46,99.38,LAL,104.48,101.7,-9,243
POR,115.74,102.88,BOS,110.38,111.98,6,194
POR,113.04,98.8,LAC,114.66,106.4,11,221
POR,110.64,96.92,MIL,115.32,97.38,15,221
POR,110.2,104.72,MIN,105.5,114.98,30,192
POR,116.42,107.3,LAL,112.96,109.3,-4,224
POR,112.02,105.42,NOP,108.76,113.88,13,251
POR,116.28,110.82,HOU,107.06,114.94,19,189
POR,117.02,112.12,IND,114.52,108.72,10,196
SAC,111.38,117.4,POR,117.08,109.34,-5,267
SAC,110,117.36,NOP,108.02,116.08,-4,262
SAC,113.82,117.94,UTA,118.24,101.98,-21,217
SAC,117.06,122.66,CLE,109.34,124.32,13,221
SAC,115.84,117.54,HOU,112.4,101.32,-25,235
SAC,114.24,115.78,SAS,112.34,110.32,7,219
SAC,114.94,111.12,HOU,111.38,102.82,-11,227
SAC,114.86,111.08,NOP,102.82,114,-3,239
SAC,113.52,105.34,DAL,117,113.64,4,246
SAC,115.46,108.32,LAL,100.68,110.32,-5,217
SAC,115.1,110.42,PHX,103.06,114.24,9,215
SAC,112.44,111.82,DAL,114.2,116.6,16,216
SAC,110.86,107.8,BKN,101.86,102.26,-2,244
SAC,106.48,109.78,CHI,109.56,119.78,27,231
SAC,105.84,106.04,PHI,104.64,101.54,-9,237
SAC,105.4,106.12,BOS,113.46,111.14,-6,246
SAC,108.38,107.82,WAS,116.18,114.58,-6,236
SAC,106.32,108.66,NYK,105.7,112.92,8,196
SAC,106.8,107.78,BOS,104.42,103.76,-2,220
SAC,107.26,109.92,NYK,112.46,115.34,7,223
SAC,107.94,109.8,LAC,108.74,106.7,-7,225
SAC,106.28,105.92,MIL,112.74,104.36,-1,281
SAC,107.32,104.74,MIN,119.14,116.44,-7,217
SAC,105.88,109.04,OKC,115.86,109.88,3,235
SAC,109.06,108.92,GSW,120.1,113.6,-2,248
SAC,109.34,107.24,DEN,109.92,113.18,-2,238
SAC,112.48,108.74,PHX,108.54,119.24,13,221
SAC,113.66,113.78,MIA,103.5,107.56,6,198
SAC,113.06,107.58,HOU,117.6,112.92,-26,228
SAC,108.5,108.26,SAS,119.06,112.96,15,239
SAC,104.42,111.2,PHI,115.9,108.24,7,223
SAC,101.1,111.34,ATL,112.18,113.28,22,248
SAC,99.32,110.46,LAC,104.28,103.62,-14,230
SAC,102.72,112.88,MEM,102.28,117.26,3,195
SAC,103.36,109.4,TOR,113.58,106.22,-15,225
SAC,107.28,105.48,BKN,111.26,109.44,-29,217
SAC,106.54,105.92,DET,105.44,106.44,2,204
SAC,107.9,100.88,CHA,106.44,113.92,-19,209
SAC,110,105.44,POR,119.86,108.1,8,222
SAC,111.84,109.48,CHA,102.94,121.94,7,201
SAC,108.78,109.28,DET,106.58,116.86,10,214
SAC,109.98,110.62,PHX,111.82,120.9,-4,226
SAC,111.7,114.74,ORL,106.82,110.52,16,206
SAC,108.46,112.08,GSW,111.2,110.58,-4,250
SAC,107.78,110.1,DEN,112.7,115.08,-4,230
SAC,110.36,111.4,POR,105.74,104.64,-5,221
SAC,108.4,112.14,LAL,106.9,104.3,-7,235
SAC,105.56,114.48,LAL,106.14,105.52,1,233
SAC,106.34,112.08,LAC,120.96,117.96,-9,245
SAC,105.7,112.84,NOP,104.06,110.5,5,239
SAC,111.92,117.54,MEM,101.52,106.1,3,201
SAC,113.34,111.56,OKC,108.14,103.2,-19,245
SAC,113.7,109.4,MIN,110.68,114.16,-27,237
SAC,117.38,110.72,DAL,104.74,103.94,7,233
SAC,119.32,108.5,GSW,112.36,104.02,-5,255
SAC,112.14,103.26,MIN,108.36,107.76,11,271
SAC,114.26,111.8,CHI,94.2,113.54,19,197
SAC,114.64,113.7,IND,103.38,99.14,-10,204
SAC,110.42,113.76,CLE,99.64,117.6,19,239
SAC,111.28,115.78,PHX,99.3,112.78,17,227
SAC,111.82,115.38,IND,108.14,107.8,1,221
SAC,109.44,114.18,LAC,110.48,105.32,-12,254
SAC,109.86,112.62,UTA,99.32,107.04,-21,245
SAC,108.78,110.54,GSW,104.16,111.92,-1,233
SAC,100.94,108.12,UTA,94.24,106.96,9,229
SAC,101.86,108.32,OKC,111.78,101.18,4,230
SAC,100.72,104.9,HOU,109.68,105.72,-20,244
SAC,99.94,108.22,MEM,103.72,106.36,-8,216
SAC,105,108.16,SAS,106.12,98.54,5,203
SAC,108.88,107.4,LAL,108.64,109.5,-15,187
SAC,109.04,107.38,MIN,104.5,116.48,11,231
SAC,110.32,106.22,TOR,113.76,106.68,-9,219
SAC,109.52,98.54,MIL,112.16,97.2,-35,253
SAC,105.62,103.14,ATL,99.34,103.6,31,261
SAC,108.86,105.52,ORL,100.48,113.44,8,206
SAC,109.54,111.12,MIA,109.32,103.14,10,236
SAC,109.92,113.56,WAS,86.5,91.12,4,228
SAS,113.5,111.54,DAL,113.32,109.54,11,199
SAS,115.06,115.86,CLE,110.72,123.86,22,202
SAS,109.28,115.24,WAS,108.46,111.36,17,241
SAS,114.52,110.74,DEN,99.72,105.96,-28,198
SAS,113.02,111.18,ATL,111,112.52,6,228
SAS,112.34,110.32,SAC,114.24,115.78,-7,219
SAS,110.34,109.52,CLE,112.98,116.04,6,226
SAS,110.84,107.4,CHA,110.8,112.54,-9,241
SAS,109.82,105.08,BOS,115.1,115.9,19,211
SAS,111.94,104.98,HOU,114.86,108.56,-6,216
SAS,114.02,104.64,MIA,106.34,101.02,-5,215
SAS,112.74,102.76,GSW,106.96,105.74,6,216
SAS,113.04,103.84,POR,115.84,111.16,5,211
SAS,112.86,106.36,NYK,98.34,106.42,26,192
SAS,111.86,104.04,DAL,100.02,116.62,7,217
SAS,105.08,101.86,MIL,115.14,109.3,7,235
SAS,107.78,108.4,ATL,114.06,114.44,7,215
SAS,108.38,110.24,DEN,107.84,102.26,1,207
SAS,107.9,112.08,OKC,109.34,112.98,14,218
SAS,106.78,117.3,DET,119.8,113.06,12,198
SAS,113.44,122.3,BKN,110.98,115.68,-16,186
SAS,109.4,123.14,NYK,103.02,106.24,-12,248
SAS,109.3,124.76,TOR,116.12,106.58,-3,237
SAS,109.64,123.9,MEM,103.28,104.16,1,215
SAS,110.28,120.4,UTA,112.64,110.94,-20,230
SAS,111.14,119.56,POR,115.76,109.5,-9,245
SAS,117.22,115.74,GSW,116.04,106.86,-39,243
SAS,119.06,112.96,SAC,108.5,108.26,-15,239
SAS,120.92,116.88,NOP,106.48,110.14,5,221
SAS,117.88,115.98,BKN,110.22,101.66,3,231
SAS,116.38,114.02,PHX,99.04,117.64,2,250
SAS,114.36,113.42,WAS,106.36,104,13,251
SAS,110.12,114.04,NOP,109.06,111.44,12,240
SAS,107.22,112.38,PHI,118.86,101.52,-2,242
SAS,113.64,115.88,LAC,102.96,115.44,-8,198
SAS,108,113.08,MIN,109.2,112.18,3,229
SAS,109.74,112.88,DAL,107.46,109.04,4,206
SAS,111.12,107.32,CHA,105.9,118.76,-15,201
SAS,115.04,105.48,OKC,107.54,111,-10,234
SAS,114.04,104.26,OKC,105.22,103.82,7,301
SAS,118.86,104.82,MEM,98.5,111.98,-10,182
SAS,113.88,103.54,DET,102.66,114.7,12,226
SAS,114.48,106.72,MEM,103.84,108.88,20,196
SAS,110.7,108.06,TOR,102.66,110.18,18,232
SAS,111.26,104.98,BOS,113.58,113.02,9,231
SAS,116.32,103.76,LAC,121.04,113.08,11,233
SAS,121.06,102.28,DEN,111.14,110.08,-3,201
SAS,119.3,102.76,DEN,114.14,110.1,8,214
SAS,123.6,97.96,HOU,116.22,107.76,-7,209
SAS,122.16,96.08,MIN,113.16,114.98,26,222
SAS,117.64,97.36,ORL,95.38,103.56,39,219
SAS,117.14,99.78,PHI,117.96,111.26,27,219
SAS,118.66,101.74,CHI,92.82,110.04,-5,191
SAS,113.08,110.54,LAC,104.9,115.2,38,212
SAS,115.92,115.98,PHX,97.96,114.12,25,197
SAS,114.42,123.32,UTA,115.08,101.16,13,207
SAS,107.54,126.76,LAL,104.76,101.58,13,253
SAS,107.62,125.56,LAL,101.92,100.6,-8,234
SAS,112.22,124.78,UTA,106.3,106.76,-34,244
SAS,108,121.42,POR,106.02,119.56,13,249
SAS,108.5,115.56,HOU,117.42,124.92,-31,241
SAS,115.22,116.88,MIN,105.3,101.72,-39,217
SAS,115.06,114,CHI,96.24,110.16,1,215
SAS,112.02,111.02,MIL,115.26,103.42,-6,264
SAS,109.64,114.7,IND,106.88,104.32,11,211
SAS,108.14,113.82,MEM,105.64,99.28,-1,207
SAS,103.66,105.18,NOP,115.56,106.7,-14,266
SAS,100.34,105.8,GSW,108.8,110.68,12,196
SAS,101.26,106.94,LAC,113.82,108.22,-5,227
SAS,103.24,102.08,PHX,99.2,111.68,-20,212
SAS,106.12,98.54,SAC,105,108.16,-5,203
SAS,106.26,99.28,HOU,101.24,104.86,7,185
SAS,109.28,100.28,MIA,111.82,113.72,-7,183
SAS,107.24,101.1,ORL,98.26,111.48,-7,227
SAS,110.74,107.42,NOP,109.54,117.82,14,204
SAS,110.18,115.42,PHX,99.4,117.28,30,210
SAS,112.68,118.64,DAL,109.08,111.6,5,221
TOR,117.06,106.5,MIN,114.86,118.32,20,220
TOR,118.36,104.16,MIA,104.4,104.6,8,226
TOR,116.14,100,CHA,107.08,119.02,-2,224
TOR,118.32,104.42,BKN,108.72,110.52,10,220
TOR,116.12,106.52,ORL,115.78,112.68,12,230
TOR,113.02,106.7,CHI,104.3,112.24,23,225
TOR,114.72,106.34,NYK,107.32,124.56,25,209
TOR,116.6,110.38,CHI,106.86,116.08,9,215
TOR,112.82,103.88,CHA,109,109.8,-1,229
TOR,109.64,103.98,OKC,101.26,106.44,-7,225
TOR,112.44,104.2,OKC,100.88,102.64,9,237
TOR,110.06,104.74,NYK,100.12,109.88,36,220
TOR,107.7,104.34,DET,103.32,107.42,-3,217
TOR,107.34,107.18,LAL,109.18,114.88,13,209
TOR,111.84,106.34,CLE,112.18,119.42,-25,227
TOR,110.68,105.14,MIA,117.3,108,21,229
TOR,107.8,109.56,NOP,110.38,108.96,23,231
TOR,110.66,108.8,HOU,118.38,111.78,-12,202
TOR,113.32,108.32,DET,120.26,108.8,-5,219
TOR,113.96,109.66,POR,119.5,105.8,2,236
TOR,111.16,109.88,BOS,109.42,111.66,23,213
TOR,115.6,107.68,ORL,117.18,96.64,-15,211
TOR,116.12,106.58,SAS,109.3,124.76,3,237
TOR,116.34,105.52,WAS,119.32,121.88,9,249
TOR,110.72,102.24,BKN,101.16,110.8,2,252
TOR,114.76,106.82,NYK,96.8,113.82,5,203
TOR,114.28,109.92,ATL,117.66,121.16,18,220
TOR,112.56,111.92,PHI,113.36,111.98,12,226
TOR,112.38,112.7,LAC,111.32,107.16,18,224
TOR,118.34,110.26,MIL,112.02,104.98,-13,197
TOR,115.92,108.5,DAL,109.06,112.34,3,243
TOR,114.4,108.66,HOU,114.52,114.46,-2,240
TOR,114.48,107.88,IND,114.84,102.52,-4,216
TOR,113.58,106.22,SAC,103.36,109.4,15,225
TOR,108.84,107.08,MEM,105.46,110.72,29,209
TOR,110.38,105.84,PHX,101.8,108.08,2,220
TOR,112.7,105.16,BOS,110.62,106.26,-9,225
TOR,111.7,107.8,WAS,111.84,108.24,2,278
TOR,113.68,111.86,BKN,111,106.2,17,227
TOR,113.88,111.18,ATL,105.52,110.76,3,205
TOR,107.5,113.62,IND,116.8,102.7,16,226
TOR,105.7,112.54,MIL,118.88,100.4,7,239
TOR,102.66,110.18,SAS,110.7,108.06,-18,232
TOR,105.02,110.36,UTA,113.42,100.18,6,238
TOR,105.02,111.22,CHI,106.22,102.88,6,184
TOR,106.34,109.12,ORL,98.74,113.44,-29,203
TOR,108.68,112.86,MIA,109.3,100.96,2,210
TOR,112.7,108.56,PHI,117.52,115.38,-25,227
TOR,111.28,105.6,CLE,104.44,113.48,16,236
TOR,112.12,108.12,IND,107.96,99.82,3,195
TOR,112.84,106.22,DEN,110.16,108.56,-9,181
TOR,109.68,100.36,POR,103.64,102.5,-6,250
TOR,107.1,102.34,GSW,113.96,103.84,20,206
TOR,104.56,102.14,LAC,105.46,111.4,24,222
TOR,108.2,104.18,MIL,106.76,105.06,-5,203
TOR,114.26,109,BKN,100.16,106.86,-1,211
TOR,117.02,111.78,PHI,114.92,106.18,11,215
TOR,121.72,112.38,DEN,112.58,98.88,-3,209
TOR,123.48,113.56,CLE,108.6,116.02,11,201
TOR,118.38,108.16,GSW,108.52,109.68,3,259
TOR,115.3,99.56,MEM,104.1,101.02,8,236
TOR,111.7,98.94,MIA,97.56,101.26,10,240
TOR,107.2,98.34,WAS,111.54,107.76,18,232
TOR,104.66,102.12,ATL,96.78,108.54,16,232
TOR,110.62,105.32,ORL,118.76,109.02,2,184
TOR,109.74,109.86,CHI,94.02,105.78,39,205
TOR,113.64,109.9,BOS,107.34,105.1,-7,239
TOR,116.68,110.1,DET,103.38,104.12,-2,210
TOR,116.52,104.94,NOP,107.52,107.9,-16,236
TOR,115.3,103.92,NYK,106,106.16,16,240
TOR,113.76,106.68,SAC,110.32,106.22,9,219
TOR,111.48,105.46,UTA,110.74,111,13,235
TOR,111.06,105.68,LAL,108.68,107.54,14,228
TOR,114.34,107.08,PHX,99.22,117.7,9,205
TOR,113.38,108.52,PHI,109.08,107.78,17,241
TOR,115.8,105.96,MIL,113.6,96.04,-15,233
TOR,116.48,105.78,DAL,109.18,112.2,9,223
UTA,115.08,104.2,LAC,109.22,112.46,-6,280
UTA,115.4,105.56,DEN,107.94,105.06,10,226
UTA,115.7,102.06,LAL,109.48,107.76,-4,222
UTA,118.24,101.98,SAC,113.82,117.94,21,217
UTA,116.72,98.74,PHX,110.6,117.64,21,215
UTA,116.46,100.62,CHA,114.34,123.34,9,213
UTA,119.7,100.42,WAS,112.38,118.16,4,252
UTA,119.9,99.62,LAL,107.12,106.94,15,215
UTA,116.82,99.88,PHX,104.06,113.38,33,217
UTA,118.76,103.74,CHI,111.28,117.64,31,197
UTA,120.08,101.46,ATL,111.58,112.1,-3,231
UTA,110.84,98.06,NYK,99,113.92,21,253
UTA,109.52,102.56,WAS,113.64,110.96,21,211
UTA,108.9,102.98,BKN,107.5,95.34,16,212
UTA,107.02,105.82,MIN,115.94,119.56,20,220
UTA,106.1,107.16,PHX,112.16,106.72,17,211
UTA,109.7,107.76,OKC,105.7,109.46,-9,187
UTA,108.98,104.26,MEM,106.76,99.02,-10,218
UTA,112.68,106.8,NOP,110.42,107.3,10,218
UTA,113.52,107.22,NOP,110.02,105.16,-3,227
UTA,112.78,108.62,MIL,119.14,112.72,4,226
UTA,116.02,109.44,DEN,110.38,97.72,7,215
UTA,119,107.4,LAC,112.26,111,6,216
UTA,111.98,108.54,DAL,104.28,115.28,16,234
UTA,113.38,106.4,OKC,115.34,107.78,-1,295
UTA,112.38,109.5,GSW,118.6,108.08,-7,223
UTA,112.64,110.94,SAS,110.28,120.4,20,230
UTA,110.8,114.24,PHX,109.06,121.92,28,204
UTA,116.08,113.56,HOU,117.1,118.06,-27,223
UTA,112.2,114.06,ATL,112.92,116.34,16,240
UTA,114.6,107.64,POR,116.14,109.16,-27,237
UTA,113.68,105.94,MIN,111.74,104.46,14,236
UTA,111.6,103.48,MIN,110.66,110.24,4,208
UTA,110.12,101.82,DEN,121.28,117.6,6,222
UTA,109.44,97.34,POR,123.62,112.76,-5,213
UTA,108.98,97.7,CLE,113.48,125.56,16,214
UTA,105.04,99.78,LAC,110.02,110.34,20,238
UTA,106.4,101.36,DET,106.2,114.62,6,194
UTA,109.26,99.92,CHI,105.6,124.48,8,212
UTA,111.7,106.32,LAL,100.34,101.22,18,208
UTA,114.92,105.94,ORL,102.1,108.78,13,199
UTA,114.12,105.94,MIL,121.32,106.32,-11.4,215.4
UTA,115.92,104.76,DET,103.7,112.92,5,215
UTA,111.66,105.98,CLE,100.54,118.56,26,208
UTA,113.42,100.18,TOR,105.02,110.36,-6,238
UTA,108.46,100.78,NYK,101.96,116.12,32,226
UTA,107.52,97.16,PHI,115.94,107.94,-17,211
UTA,102.34,96.96,POR,113.02,116.06,21,213
UTA,104.84,93.9,OKC,109.12,102.46,-1,213
UTA,101.02,98.34,POR,112.96,113.22,30,210
UTA,100.86,101.46,GSW,105.7,101.74,5,211
UTA,105.8,100.62,HOU,114.14,114.66,-5,199
UTA,114.56,101.82,ORL,99.2,104.94,-7,185
UTA,112.52,105.98,MIA,107.68,103.14,27,195
UTA,115.88,106.06,OKC,108.24,96.82,-9,235
UTA,115.08,101.16,SAS,114.42,123.32,-13,207
UTA,109.08,106.78,HOU,117.82,115.2,27,209
UTA,106.3,106.76,SAS,112.22,124.78,34,244
UTA,101.58,102.76,MIA,102.78,104.52,-2,202
UTA,99.52,104.42,CHA,111.82,106.68,8,230
UTA,99.28,111.34,BKN,113.06,115.7,10,192
UTA,102.1,105.06,IND,105.2,101.84,-33,209
UTA,99.32,107.04,SAC,109.86,112.62,21,245
UTA,96.66,113.16,LAL,112.94,109.58,-7,173
UTA,94.24,106.96,SAC,100.94,108.12,-9,229
UTA,99.7,105.48,IND,99.24,98.36,-27,215
UTA,102,107.36,BOS,107.44,102.28,12,184
UTA,103.02,110,PHI,110.26,108.2,-6,220
UTA,107.9,107.64,DAL,109.04,106.64,-50,186
UTA,110.08,113.48,MEM,108.1,108.36,8,184
UTA,109.28,114.64,BOS,107.5,107.52,8,238
UTA,108.72,115.44,DAL,107.08,108.86,15,219
UTA,110.74,111,TOR,111.48,105.46,-13,235
UTA,112.4,107.74,DEN,114.44,107.38,-15,191
UTA,108.1,102.92,MEM,108.06,98.58,-10,210
UTA,107.72,102.14,MIN,106.58,112.46,-3,253
UTA,108.56,103.4,DAL,109.54,114.92,9,217
WAS,110.1,114.18,BOS,108.42,106.14,-6,226
WAS,111.98,114.84,NYK,98.44,110.68,-3,223
WAS,108.46,111.36,SAS,109.28,115.24,-17,241
WAS,109.48,113.24,CHI,99.8,118.2,-1,229
WAS,113.76,119.62,DEN,103.34,109.26,5,185
WAS,112.38,118.16,UTA,119.7,100.42,-4,252
WAS,107.06,117.42,PHX,103.22,118,3,245
WAS,112.96,118.4,LAL,103.32,109.78,-18,230
WAS,112,117.82,MIA,103.44,106.12,-5,221
WAS,110.26,112.62,DEN,114.2,109.8,-5,221
WAS,110.04,110.46,CHI,110.62,122.36,-6,246
WAS,113.64,110.96,UTA,109.52,102.56,-21,211
WAS,110.34,109.2,MEM,108.44,107.96,7,263
WAS,115.22,110.84,CHA,105.88,114.94,-6,226
WAS,119.7,114.74,ORL,107.76,112,10,190
WAS,116.18,114.58,SAC,108.38,107.82,6,236
WAS,116.72,112.38,MIN,117.08,124.66,-5,265
WAS,116.26,113.1,CHA,107.12,111.86,-1,223
WAS,110.36,111.46,DAL,101.06,118,9,255
WAS,105,111.24,MIN,111.5,114.02,14,256
WAS,109.34,115.06,BOS,103.94,110.2,-11,203
WAS,111.48,117.58,BKN,110.8,108.36,9,241
WAS,112.18,114.62,IND,112.44,100.6,-7,231
WAS,114.88,118.32,CHA,106.24,117.06,-13,233
WAS,119.32,121.88,TOR,116.34,105.52,-9,249
WAS,118.6,122.64,DET,112.54,102.8,-9,233
WAS,115.84,117.58,CHI,118.34,114.9,9,259
WAS,115.56,119.94,CLE,105.7,109.98,13,225
WAS,115.66,118.92,MIL,112.44,102.2,-19,277
WAS,110.8,111.88,ATL,112.82,118.94,-8,266
WAS,111.38,111.16,MIL,109.42,101.96,-16,246
WAS,109.06,109.82,IND,111.64,109.9,18,196
WAS,107.3,107.48,CLE,102.82,115.16,-3,229
WAS,106.36,104,SAS,114.36,113.42,-13,251
WAS,108.3,105.64,ORL,113.9,114.38,4,186
WAS,109.48,101.6,GSW,125.7,110.22,-8,244
WAS,111.18,109.1,DET,106.5,105.94,14,188
WAS,113.3,108.3,NYK,102.04,112.52,1,201
WAS,111.84,108.24,TOR,111.7,107.8,-2,278
WAS,112.26,106.64,MIL,119.22,105.76,7,219
WAS,113.6,110.9,PHI,108.86,110.04,17,229
WAS,111.48,107.48,PHI,107,107.74,-17,247
WAS,108.32,109.3,OKC,104.92,96.84,18,214
WAS,104.44,107.16,MIA,118.7,105.4,-6,224
WAS,105.68,111.1,ATL,109.26,110.74,16,212
WAS,103.38,112.8,CHA,109,104.34,4,256
WAS,104.56,114.02,CHI,102.68,106.14,-9,193
WAS,108.04,112.42,DET,103.94,104.46,-11,201
WAS,114.84,117.74,IND,107.52,102.68,-16,194
WAS,113.12,117.84,PHX,106.6,103.94,3,295
WAS,110.22,112.84,HOU,114.98,109.72,-18,254
WAS,111.96,115.64,ATL,107.4,116.28,-8,228
WAS,112.08,116.72,LAL,113.98,109.22,18,238
WAS,110.44,113.04,BKN,108.86,107.68,-7,243
WAS,109.16,107.54,BOS,125.52,97.56,-5,255
WAS,107.68,109.16,IND,103.2,97.5,-8,210
WAS,104.6,107.02,CLE,104.96,123.3,-15,217
WAS,106.66,110.38,ATL,103.44,111.28,14,248
WAS,106.76,109.26,NYK,106.52,109.96,3,217
WAS,106.9,115.62,BKN,107.62,113.96,14,190
WAS,112.16,115.1,PHI,117.44,113.4,-25,221
WAS,113.1,114.4,NOP,113.76,117.92,-21,229
WAS,108.26,112.48,HOU,119.92,114.14,4,266
WAS,108.6,110.02,NOP,119.2,115.64,10,238
WAS,111.54,107.76,TOR,107.2,98.34,-18,232
WAS,110.7,107.28,LAC,115.68,110.08,7,243
WAS,111.52,108.02,POR,110.56,108.68,-10,228
WAS,111.12,109.48,BKN,107.12,108.16,-11,219
WAS,109.62,110.42,CLE,100.62,105.34,24,214
WAS,106.64,113.94,ORL,109.54,101.6,8,226
WAS,103.9,114.46,MIA,106.66,109.28,6,226
WAS,101.6,116.24,ORL,102.44,107.92,-9,225
WAS,102.16,113.92,DAL,104.26,111.38,-19,219
WAS,102.76,120.66,NYK,106.94,112.58,13,203
WAS,102.62,115.4,OKC,106.74,104.42,-23,245
WAS,105,116.26,MEM,103.24,101.7,-12,202
WAS,107.06,112.6,LAC,110.08,105.68,-32,240
